active_indices,alpha_mps2,category,controller,first_any_collision_time_s,first_prefix_collision_time_s,first_prefix_safety_before_any_collision,first_prefix_safety_before_prefix_collision,hdv_model,layout,prefix_indices,run_id,seed,success,witness_gap_m,witness_time_s,witness_vehicle
"[19, 20, 21, 22]",1.0,A,margin,,,0,0,ovm,middle,"[1, 2, 3, 4, 5, 6, 7, 8, 9, 10, 11, 12, 13, 14, 15, 16, 17, 18]",500b16f15cdaf9b9,97,1,,,
"[19, 20, 21, 22]",1.0,A,margin,,,0,0,ovm,middle,"[1, 2, 3, 4, 5, 6, 7, 8, 9, 10, 11, 12, 13, 14, 15, 16, 17, 18]",6f21e9ca29574aa2,113,1,,,
"[19, 20, 21, 22]",1.0,A,margin,,,0,0,ovm,middle,"[1, 2, 3, 4, 5, 6, 7, 8, 9, 10, 11, 12, 13, 14, 15, 16, 17, 18]",f81aa32eb9338959,131,1,,,
"[19, 20, 21, 22]",1.0,A,margin,,,0,0,ovm,middle,"[1, 2, 3, 4, 5, 6, 7, 8, 9, 10, 11, 12, 13, 14, 15, 16, 17, 18]",f47b113d23d5d268,149,1,,,
"[19, 20, 21, 22]",1.0,A,margin,,,0,0,ovm,middle,"[1, 2, 3, 4, 5, 6, 7, 8, 9, 10, 11, 12, 13, 14, 15, 16, 17, 18]",e5a0413d9cdba6f7,167,1,,,
"[19, 20, 21, 22]",1.0,A,margin,,,0,0,ovm,middle,"[1, 2, 3, 4, 5, 6, 7, 8, 9, 10, 11, 12, 13, 14, 15, 16, 17, 18]",b844725afafe606a,191,1,,,
"[19, 20, 21, 22]",1.5,C,margin,,,0,0,ovm,middle,"[1, 2, 3, 4, 5, 6, 7, 8, 9, 10, 11, 12, 13, 14, 15, 16, 17, 18]",23a970078a0fb636,97,0,,,
"[19, 20, 21, 22]",1.5,A,margin,,,0,0,ovm,middle,"[1, 2, 3, 4, 5, 6, 7, 8, 9, 10, 11, 12, 13, 14, 15, 16, 17, 18]",dfb486c2e29e963c,113,1,,,
"[19, 20, 21, 22]",1.5,C,margin,,,0,0,ovm,middle,"[1, 2, 3, 4, 5, 6, 7, 8, 9, 10, 11, 12, 13, 14, 15, 16, 17, 18]",6927ab54c85a6702,131,0,,,
"[19, 20, 21, 22]",1.5,A,margin,,,0,0,ovm,middle,"[1, 2, 3, 4, 5, 6, 7, 8, 9, 10, 11, 12, 13, 14, 15, 16, 17, 18]",7bcf5a0e148695e2,149,1,,,
"[19, 20, 21, 22]",1.5,A,margin,,,0,0,ovm,middle,"[1, 2, 3, 4, 5, 6, 7, 8, 9, 10, 11, 12, 13, 14, 15, 16, 17, 18]",0f27e887a0983165,167,1,,,
"[19, 20, 21, 22]",1.5,C,margin,,,0,0,ovm,middle,"[1, 2, 3, 4, 5, 6, 7, 8, 9, 10, 11, 12, 13, 14, 15, 16, 17, 18]",6e66999c30112a50,191,0,,,
"[37, 38, 39, 40]",1.0,C,margin,,,0,0,ovm,rear,"[1, 2, 3, 4, 5, 6, 7, 8, 9, 10, 11, 12, 13, 14, 15, 16, 17, 18, 19, 20, 21, 22, 23, 24, 25, 26, 27, 28, 29, 30, 31, 32, 33, 34, 35, 36]",2414045d868022c9,97,0,,,
"[37, 38, 39, 40]",1.0,C,margin,,,0,0,ovm,rear,"[1, 2, 3, 4, 5, 6, 7, 8, 9, 10, 11, 12, 13, 14, 15, 16, 17, 18, 19, 20, 21, 22, 23, 24, 25, 26, 27, 28, 29, 30, 31, 32, 33, 34, 35, 36]",09def95cab5b6cc1,113,0,,,
"[37, 38, 39, 40]",1.0,C,margin,,,0,0,ovm,rear,"[1, 2, 3, 4, 5, 6, 7, 8, 9, 10, 11, 12, 13, 14, 15, 16, 17, 18, 19, 20, 21, 22, 23, 24, 25, 26, 27, 28, 29, 30, 31, 32, 33, 34, 35, 36]",67f8b5222e213ad6,131,0,,,
"[37, 38, 39, 40]",1.0,C,margin,,,0,0,ovm,rear,"[1, 2, 3, 4, 5, 6, 7, 8, 9, 10, 11, 12, 13, 14, 15, 16, 17, 18, 19, 20, 21, 22, 23, 24, 25, 26, 27, 28, 29, 30, 31, 32, 33, 34, 35, 36]",f638023a69e832cc,149,0,,,
"[37, 38, 39, 40]",1.0,C,margin,,,0,0,ovm,rear,"[1, 2, 3, 4, 5, 6, 7, 8, 9, 10, 11, 12, 13, 14, 15, 16, 17, 18, 19, 20, 21, 22, 23, 24, 25, 26, 27, 28, 29, 30, 31, 32, 33, 34, 35, 36]",5ef92edfcbcd4d76,167,0,,,
"[37, 38, 39, 40]",1.0,C,margin,,,0,0,ovm,rear,"[1, 2, 3, 4, 5, 6, 7, 8, 9, 10, 11, 12, 13, 14, 15, 16, 17, 18, 19, 20, 21, 22, 23, 24, 25, 26, 27, 28, 29, 30, 31, 32, 33, 34, 35, 36]",d7da0f504555ec8c,191,0,,,
"[37, 38, 39, 40]",1.5,B,margin,,,1,1,ovm,rear,"[1, 2, 3, 4, 5, 6, 7, 8, 9, 10, 11, 12, 13, 14, 15, 16, 17, 18, 19, 20, 21, 22, 23, 24, 25, 26, 27, 28, 29, 30, 31, 32, 33, 34, 35, 36]",a849c1d8b335c3b1,97,0,3.856031352811925,59.300000000000004,32
"[37, 38, 39, 40]",1.5,C,margin,,,0,0,ovm,rear,"[1, 2, 3, 4, 5, 6, 7, 8, 9, 10, 11, 12, 13, 14, 15, 16, 17, 18, 19, 20, 21, 22, 23, 24, 25, 26, 27, 28, 29, 30, 31, 32, 33, 34, 35, 36]",5183302284550ddd,113,0,,,
"[37, 38, 39, 40]",1.5,B,margin,,,1,1,ovm,rear,"[1, 2, 3, 4, 5, 6, 7, 8, 9, 10, 11, 12, 13, 14, 15, 16, 17, 18, 19, 20, 21, 22, 23, 24, 25, 26, 27, 28, 29, 30, 31, 32, 33, 34, 35, 36]",00b78768948875bb,131,0,3.907029088492351,52.400000000000006,27
"[37, 38, 39, 40]",1.5,C,margin,,,0,0,ovm,rear,"[1, 2, 3, 4, 5, 6, 7, 8, 9, 10, 11, 12, 13, 14, 15, 16, 17, 18, 19, 20, 21, 22, 23, 24, 25, 26, 27, 28, 29, 30, 31, 32, 33, 34, 35, 36]",bf47848dfc41ab96,149,0,,,
"[37, 38, 39, 40]",1.5,C,margin,,,0,0,ovm,rear,"[1, 2, 3, 4, 5, 6, 7, 8, 9, 10, 11, 12, 13, 14, 15, 16, 17, 18, 19, 20, 21, 22, 23, 24, 25, 26, 27, 28, 29, 30, 31, 32, 33, 34, 35, 36]",638177e3058b4c8a,167,0,,,
"[37, 38, 39, 40]",1.5,B,margin,,,1,1,ovm,rear,"[1, 2, 3, 4, 5, 6, 7, 8, 9, 10, 11, 12, 13, 14, 15, 16, 17, 18, 19, 20, 21, 22, 23, 24, 25, 26, 27, 28, 29, 30, 31, 32, 33, 34, 35, 36]",02543060cdc1badb,191,0,3.829353342211334,54.900000000000006,29
