seed,vehicle,a,b,s0,T,v0,ov_width,ov_center,ov_k,dv_k
3,1,1.3124443467854312,1.8892330775605095,2.21700859665498,0.8513525891870581,25.87288851632457,6.480510553454151,17.990421829999736,0.08052927946388712,0.5508032546004983
3,2,1.1872714216738833,1.9000605316282075,2.087173653827565,0.9328801950142959,28.203620371073576,6.535938492095173,18.35990747384439,0.08556537956983085,0.5589630869870121
3,3,1.2532482815592987,1.9796894716750295,2.01968944321269,0.9985930944445542,31.604645087562076,5.412669492192852,18.5206147836692,0.10054323546074305,0.4991710554208548
3,4,1.3678840863042965,2.1730562782145246,2.0994466883877907,0.8860724401338417,26.634496819887705,5.590967238268479,17.45054567845633,0.10017840017290267,0.5845992909536255
3,5,1.3688879266800313,2.0414013941445543,1.8866656020572063,0.8071486210989368,24.617646915463325,6.477735970259327,18.51294203847611,0.08960788199548161,0.5068657009483307
3,6,1.137675593139151,1.8960741739674607,2.2048283284417893,0.804470001369761,24.85917682219811,6.501557611794474,16.519296924223788,0.09509097714901012,0.5544663574127802
3,7,1.162172863441456,1.8934292031793287,2.162812667743986,0.8099001400602724,24.922434425390144,5.733100318220156,17.030196613873557,0.0928653647224206,0.500689724290191
3,8,1.115440160990249,1.9782185962505345,2.108633359245458,0.9992967524466958,32.00551633377887,5.682184219459473,19.290462928976062,0.08925897034318471,0.4936250563528448
3,9,1.2322429530951908,1.858596965410394,1.9905151789209967,0.9088043406162827,27.162274971613463,5.900373631706582,16.50134577913855,0.0977126349450525,0.5643916225763946
3,10,1.10896286326357,1.8566617813006752,2.1642095292207904,0.9728918854566602,30.35925557985408,6.056802960381121,16.80475524286638,0.08292639424678946,0.5488388131092699
3,11,1.2370499673184134,2.006736828712372,2.1174811152436925,0.828727245555221,25.25321806578914,5.417616213609524,16.889665736277887,0.09709412952047278,0.5730749113855841
3,12,1.2947432142844282,1.8018700970147863,2.076956435071814,0.8482345357094457,25.63474717357261,6.485153479747606,17.91147155683565,0.08010870170669966,0.5883927521631656
3,13,1.1835461847943927,1.9921210555287616,2.19870812816285,0.9414671425645341,28.807428349810742,6.050018213305902,15.843220655220998,0.09792619974315643,0.6137147490292147
3,14,1.3028764705940392,1.93384458194616,2.0641594706180357,0.9854431908786685,30.835734527052395,6.39595365365893,15.970945077457056,0.09380152628931415,0.495098649902122
3,15,1.2772588452249054,2.099689578471522,1.9356514807292524,0.8655887126433945,25.876964087356267,5.612404222429911,17.833888015118518,0.08883174477407475,0.5673199988412326
3,16,1.1071945647131496,2.1184381870889624,2.025365395112214,0.8059694107659012,24.72085247947658,6.670022425593167,16.542089358623365,0.09370591734890037,0.5601606861903512
3,17,1.2676562263972646,2.0917246024907667,1.8542626768160657,0.978649848592699,29.799398104359625,6.361479322538466,18.775447792300593,0.08914395968400762,0.569884767336505
3,18,1.1777757340722397,2.090806598602359,1.8521947022689296,0.8548284482991668,25.529865557859694,5.774055164724425,19.27528381660308,0.09604806960337743,0.5556996880354981
3,19,1.2245303591030208,1.9393280595914857,2.108321419487754,0.9520737997823057,29.090603607737112,6.6458798116223345,18.337665709746908,0.08165039221146493,0.5575724951539867
3,20,1.1850575245313957,2.0807047062729285,2.136769617646943,0.8261352694155227,25.219458183358153,6.288736961711432,18.841384701388247,0.09017620046312987,0.5986492116405445
3,21,1.307941375493899,1.9231273586992725,2.2266072145682076,0.9421121019904293,28.900606751744352,6.490407963100181,17.528938627970355,0.09802417406278764,0.543665533361048
3,22,1.2321361153012218,2.03494105753706,2.1684662801799206,0.973746637710728,30.424230943725316,5.3455161204324515,16.039999596929537,0.0992346323575397,0.5546167763792077
3,23,1.147060321542489,1.9163874358711397,2.020925276765995,0.9490648490092892,28.74929960132854,5.360123819114431,17.738301020960083,0.08395926476144355,0.575207208897015
3,24,1.2633947054095533,1.9736696236464955,1.8030996173710712,0.8695672253705141,25.81325290164936,6.349541673911466,17.44695494874478,0.08464169453517977,0.4958133388641544
3,25,1.33409442935341,1.7895338867983708,1.9946591574157342,0.9489649863218829,28.68643836654544,5.718748463445684,18.419054006305426,0.09872666938675416,0.5410141420931249
3,26,1.191909059712854,1.8764842026484823,2.20540944682982,0.8221248988234114,25.207529295559606,6.024169486814273,16.419822493099822,0.08666317451624678,0.49748171713299255
3,27,1.1665873651796546,2.2263692509633124,2.1380567357616687,0.8597849288903759,25.98287223265265,5.505017890086634,16.823719713838333,0.08042844759945225,0.5021909058642564
3,28,1.2163913772666948,1.8706804180904355,1.9928452285059624,0.882629875443516,26.38851123283214,6.688251469906057,19.359860039397848,0.0946415521176199,0.48428057371750005
3,29,1.3809150949581293,2.0919092052547184,1.9785340935108255,0.9814778004119725,30.317189686795437,6.003961508651164,16.98188627508572,0.08815144735771253,0.511681249573334
3,30,1.3927986267418802,2.072228891942595,1.8646331688364897,0.8252078850513669,24.930080731521706,6.4737615530036035,17.612583285198944,0.09508300244989511,0.512596118641847
3,31,1.301715102773844,2.1074907869299913,1.8450624227848753,0.9821069546938521,29.96566337673004,5.386614426643195,19.883399802461774,0.08950517928237678,0.5521442715229464
3,32,1.3708502325615193,1.988042533104527,1.7953393612252917,0.9645762929516937,28.94229472576821,5.969638251193687,17.030386640250093,0.09001221597582691,0.5592674874807122
3,33,1.3537252613879538,2.046398611808894,2.1883487300418043,1.0018708481688439,32.55830932900091,5.369682451784318,16.467652622247396,0.08821933726482553,0.5927628758264286
3,34,1.2133982123986666,1.7921453234877567,2.0672847761115483,0.8714238443935475,26.18897739564982,6.553307660766341,18.872726958711873,0.08547447375435926,0.5482458769246568
3,35,1.1276651026615172,1.794829826154672,1.8287995123862342,0.8362669900840802,25.112128902446976,5.921966657346661,18.289727497906306,0.09865535473556679,0.6016720070576766
3,36,1.296023270757061,1.8555084926225975,1.9587809214637795,0.8439631891922733,25.408243734513515,5.378711882297045,18.4820853695613,0.0936458116844783,0.5361480242503219
3,37,1.2673522287165353,1.8328932785640997,1.7835722837109793,0.9708183651070269,29.211866181663208,5.390154646534978,16.021573276292237,0.09623877861620808,0.5822887110151465
3,38,1.2084694289187734,1.8080500853990935,1.8604992077707345,1.000489280096286,31.1653763111383,6.055861427524565,17.642592985351218,0.09854797387161132,0.5569639586390945
3,39,1.1675163514519495,1.82206105501225,2.1107398995819384,0.9429429596501715,28.676810121036446,5.388815622487533,15.858430995602129,0.08460408115561018,0.5663449113219471
3,40,1.2219559749128746,2.0255733112676735,2.0725389298119676,0.8962193610231473,26.895624457504507,5.544632137937918,16.90503322547904,0.09906812526180432,0.5196917435885973
11,1,1.1058425724462875,1.7936109452597613,1.9609584464872836,0.8994592121936248,26.82474571198555,6.690758363979367,19.739436893362186,0.09308705627167228,0.48836186305053075
11,2,1.2389655579495034,1.9132964993844368,1.936456460032472,0.9321239948294954,27.881292500181264,6.384791449844411,18.134047033548217,0.08533486627878431,0.4958345014479884
11,3,1.3174801787576442,1.7937836456513394,1.841133829083561,0.8887185706389937,26.347869321864113,5.934044832183028,19.561216409625647,0.08667782742143837,0.5702151564820632
11,4,1.2260610813763182,1.8993265602249498,2.1410587551847073,0.9109381257257118,27.485743713622107,5.968689561935285,17.360517285665253,0.08684861685943242,0.572614379765179
11,5,1.2456281294503349,2.139248539248219,2.159857956120525,1.001773843984295,32.42551838843758,6.59832432590207,16.447503824295037,0.08621580680044995,0.5003853569400452
11,6,1.1038342443771825,2.1945921539840345,2.1124222339065692,0.9934013632907457,31.56302606811195,5.792395315002146,16.79850903327363,0.09709625174199867,0.49672027287423953
11,7,1.2462114821959616,2.1404582648383648,2.180141398411368,0.9735880529639473,30.450320133373513,5.356578953441753,19.266978508910647,0.09098896323743415,0.4876928733160545
11,8,1.38254199570301,2.0296729808695417,2.0710670921483905,0.8194424244000622,25.018527164872985,6.164117274081644,16.832233686957206,0.07959678971968524,0.569632897831983
11,9,1.3552385268130336,2.055688824834873,2.0941117638899156,0.9122085588682967,27.448568693729094,5.730064453364933,19.177363068847253,0.09521809841994057,0.5209410951571762
11,10,1.3189893410662457,1.9335121002575368,1.8526486785279668,0.8711482775849606,25.91125618173311,6.261445021917449,19.74025511657606,0.09004686731357055,0.5158110696471516
11,11,1.1326208215606925,1.8410323033210174,2.128463472770868,0.9889478246036104,31.296399411970025,6.6450480428431025,18.19175266632333,0.09602409380259383,0.571720467046879
11,12,1.3681712510855242,1.9693956481592771,1.9203597892651227,0.8597546970703246,25.720021029988185,5.799235024891338,16.458721895363418,0.08988257452652049,0.4999720616130972
11,13,1.3571462741218487,2.1117561614471247,1.9702204189101336,0.9930454392512023,31.03037734453669,5.635677339917342,18.53350532693547,0.08591409546450031,0.5548065497178493
11,14,1.1495259852785682,1.7901860594531362,1.9130577150841162,0.8434827578678339,25.348796912357017,5.356250690076164,17.479427853829833,0.09732862966900066,0.49600207909973937
11,15,1.2897002041470487,1.7699518298629622,2.032779041085088,0.8828044073666608,26.4481360321363,6.477590312923889,19.76449511315753,0.08294425248977254,0.49267892195836166
11,16,1.1061450838373699,2.129863071879209,2.0761723286878824,0.9993519318255442,31.880599903372318,5.39286692311055,16.806118235551743,0.08521077390701834,0.5722463788351869
11,17,1.135021180634005,1.903976964526666,2.0362680997065126,0.9206251251400198,27.6424158625359,6.651132691623709,16.85212637157183,0.08965759426324658,0.5884931111975878
11,18,1.194910193483762,2.096558852020888,1.9127298531137829,0.9933441022805518,30.85747366629339,6.296852584071936,17.923799932915827,0.09777321761689563,0.5450404653828024
11,19,1.147373692002481,2.1126405060341606,1.8646416201298495,0.9083916630471764,26.950226608412013,6.592607299347479,17.972154845356588,0.08168857967204557,0.537083279687582
11,20,1.3276938764481516,2.207794221049926,2.1655704948186445,0.8412559630979596,25.576877932371932,6.4527948541176725,16.651147885857096,0.08651567096012203,0.5766044414057928
11,21,1.345482607359243,1.952157647802468,1.9050390501380532,0.9459999907703356,28.367485692040116,5.554639122508156,17.457129655357775,0.09069638786870574,0.4940374618863272
11,22,1.2033873472877652,1.932050205607115,1.970345922021125,0.9046598741414935,26.998485026369863,5.533301013685379,18.726498816196518,0.0938523504724104,0.5207333395241368
11,23,1.19563963905873,2.147152059645306,1.803879001724312,0.9011822044218274,26.644059769041153,6.664398391330186,17.872646612609675,0.08147219189556532,0.6034952979534635
11,24,1.1334983695983982,2.1269557263413463,1.9044700015236482,0.8214806548631974,24.89691444199327,5.699094685156793,16.097989223791203,0.09551412646683721,0.6092621665116822
11,25,1.1251859429966171,2.0732550751594805,1.8011335068864256,0.8233026037713742,24.833779065162023,6.418483477401132,17.634128467447518,0.09122949566377088,0.48906828417681814
11,26,1.313817780706653,2.1492639554984323,1.9249823873409462,0.9927947046996528,30.861655689656658,5.525937812872558,17.63629728138814,0.09037031902399782,0.48440446417294053
11,27,1.2798630188772966,2.0682631321957063,2.100464488530289,0.99850858503443,31.909943270896377,5.710689931620459,17.77365263719457,0.08742680197211912,0.5853607041403635
11,28,1.1167021038755236,2.2195731453564584,2.2275047627673246,1.0006410736870524,32.62288419460477,6.249825806957081,15.942987953318271,0.08599637779481567,0.5436479324581058
11,29,1.2439391844978291,1.9202597222965243,2.060107923234234,0.8692824761198966,26.124304307004483,5.637724342430129,17.023647132609476,0.0984348998090399,0.5846408202139619
11,30,1.2205029441891957,2.114361258967363,1.8892656992857013,0.8019079643212157,24.528322449550817,6.36268872359451,19.945776667316377,0.10066557173879899,0.5688737638662147
11,31,1.3543936992640924,2.215919986753847,2.0752202269705577,0.9116482909294625,27.397104869913026,6.546128730795454,19.65458923901624,0.08298464107870887,0.5431315635099571
11,32,1.3153547538019636,1.920494793997395,2.0609589532118293,0.9510428459049274,28.93057687294795,5.741336327552421,19.90386284704007,0.08376842544774027,0.577717487450343
11,33,1.2806192153746474,2.053583358432711,2.15631306995468,0.931978038205281,28.307317181991895,5.710139341966884,19.118405247650227,0.0936079364341002,0.5637975955842419
11,34,1.2657151464516492,1.9355216804370334,2.0161731113102497,0.8034334954087833,24.66678906125228,5.319935031492031,17.714845710377208,0.09571455860644844,0.486074519665793
11,35,1.3847307193239913,1.9815393398659042,2.197338399104349,0.8423026918479264,25.63674334906549,5.888630363490745,19.890018076490342,0.09697606140806168,0.5455279082567571
11,36,1.3960019991075407,1.7960009566921835,1.9594417612279234,0.9444709998630672,28.417174629921963,5.374243079102681,17.138855840969317,0.0857328236256411,0.6004246137297616
11,37,1.2014162148948584,1.7692848139031565,1.897301441357691,0.8038983237348497,24.56986739662239,6.107504559072877,18.402692513425013,0.08371656660177758,0.5869975466339235
11,38,1.171962403715742,2.1246317444250433,2.0091237159620765,0.9748433470638296,30.018843326602447,6.27062819549487,18.37771584680396,0.08076749567390822,0.5704505119210335
11,39,1.3389307261963839,1.9773243989561589,2.2027761143700175,1.0056415309011408,32.96802287674477,6.098360396536187,17.744057209220895,0.08732877696567629,0.5660483914914041
11,40,1.1191059292323966,2.058960323673435,2.1074774060574146,0.8455247227763717,25.607759930962583,6.149366228245578,16.92159068547941,0.09134967029298117,0.5917928313721841
29,1,1.185471789568288,1.907617970590058,1.9398327924549348,0.9328652760570367,27.915653191990618,5.6615548255128,19.507109392062677,0.08361784762041292,0.4843980276264013
29,2,1.1219769164251208,2.2327612633035523,2.188056362053723,0.8067153512316472,24.885779019197205,5.3688405511901935,18.185338756189257,0.08560846734305709,0.6043706920147219
29,3,1.3289711612990853,1.8145957776462143,1.9986722922414435,0.9075005827841633,27.133379310820864,5.513473675791583,16.14075726742997,0.08060610562446976,0.5131645925132925
29,4,1.2358157172798234,2.225847288863202,1.9363276067918742,0.9505479353624677,28.627816776949672,5.348157008779077,17.798457171739408,0.09023297382331179,0.5475179872661959
29,5,1.2626890622026323,2.179213597751618,2.2281503133772245,0.8842151584795375,26.768437012462527,5.749991152530789,17.929764913588638,0.0925539076717141,0.50959681064749
29,6,1.3179907348482522,2.2146857782243776,1.9504519735437058,0.9326169910680103,27.92637494602162,6.662527534905912,17.634914509312992,0.09639048790501395,0.5932087342560282
29,7,1.3546715322844465,1.8735534462955177,1.8277214760595024,0.9164800617090035,27.147288269611906,6.242189345674116,16.93138149893733,0.08460549514006094,0.5607925874283874
29,8,1.3304599933426946,2.1716172874149486,2.177099697361308,0.849928968629926,25.79091645179601,6.229394787609927,19.30361657592697,0.09125983041149924,0.5751876789824028
29,9,1.3199431169960052,2.1456948724927773,2.078208631979093,0.9844491379538068,30.816561351644804,5.530935191925742,17.48292070967388,0.09833600241751683,0.5671989389379898
29,10,1.1725959274111655,1.8382422974195871,2.1653888095118607,0.8271752890195303,25.27082558630708,5.282775430163907,16.281507740194833,0.09780237809721497,0.5703387474149705
29,11,1.3160926077664217,1.9020925115660603,1.7759819145292566,0.874810456333385,25.907076961265016,5.595203819941072,19.95285889955492,0.09638938029840399,0.5592509791144739
29,12,1.1175131917435164,2.0322047277053317,1.9399239737853133,0.8005551822974647,24.548760292657438,5.56287442945624,17.71907024326284,0.0918435193106551,0.594997918989902
29,13,1.2229006778473352,2.1816141106236233,1.8405537497751834,0.8924780148396154,26.449859984194664,6.481188731984069,19.621810262369944,0.09575334617001709,0.5715396072810398
29,14,1.283201682157298,1.778193733049641,2.07994242642652,0.9287271306543805,28.0255149426208,6.637864587775392,16.429556324538712,0.08385204191192991,0.5043884676967996
29,15,1.1767744623685665,1.9326184711467749,1.8937834459852216,0.9756427886935536,29.743360996048224,6.4555842184763375,19.110397070837806,0.09828195943755637,0.5253727714164166
29,16,1.1857015782638995,2.0737275092846237,1.799266819234564,0.9196537786789302,27.204101646629017,6.544837982263415,18.421981704991865,0.08557130487916972,0.5635903687826312
29,17,1.3053391240430354,2.1168746142115644,2.072400578885583,0.8498083505284127,25.665648270302395,6.3277438595513456,16.009899101076673,0.08254562849831677,0.5034522134882615
29,18,1.3522759206165678,2.2215347050406753,2.239572990488152,0.8626223252848729,26.184103907085262,5.484019845251567,19.117650786405935,0.08635729804909398,0.49362418891613297
29,19,1.3427460260302464,1.819452556627252,2.1120868829078963,0.8110969307402446,24.89685963425471,5.444040239091623,15.948730887678158,0.08750569701233563,0.48970972694571674
29,20,1.1000190487263883,1.9519597690714214,2.1224336717933987,0.9299830143694978,28.158269352867837,6.509987509936002,18.497649923150945,0.08604175488622143,0.5549078519117143
29,21,1.3770830284165858,2.025616487438822,2.025715236942436,0.9162886318102279,27.471325801800777,5.409291284111257,16.149413700024297,0.0834859676104,0.5389629626818512
29,22,1.3420895489436957,1.9884169748992229,2.0378133478943754,0.9419703836544369,28.47697249386139,6.691796683741293,18.90578641011513,0.09073776491686392,0.5995662641853396
29,23,1.3868037202862697,2.001529609859448,2.123469773547742,0.9396742442851307,28.56196368690996,6.455953804519237,16.472006333600618,0.08848281715440741,0.530956500886229
29,24,1.2454186969728196,1.947947320423776,2.000559724287884,0.941096357888574,28.362191908399225,5.740969928999838,18.959295897572,0.08551379562130473,0.5029509100411452
29,25,1.2987722010717564,2.228461504096995,1.9889827610041495,0.9832025861631236,30.453802504449346,5.6436359799438325,16.059391012659013,0.08681875080828534,0.5371408924122502
29,26,1.3201419972770037,1.7778161356365203,2.201648291668659,0.983804797784432,31.191457780398412,5.831530395051409,16.185129144911883,0.09895457461386375,0.5602296611587921
29,27,1.2398336380952142,1.8437219117727488,1.9908228849243756,0.8082694315455419,24.731280359066186,5.63889358788523,16.796831569238805,0.08439537352989568,0.5608889350813536
29,28,1.3416344595860317,1.9443708082317446,1.8593809455042223,0.949017545601471,28.39807367083362,6.688651230222224,19.666570182650215,0.09564110198386283,0.5138843238352392
29,29,1.2313962586596998,2.0022561541080264,1.9408595875189847,0.9942498389236994,31.01243814582647,5.36403747827953,19.274466115033942,0.09649310632539981,0.5531254872615418
29,30,1.138711931093053,1.9379080487771156,1.8273814662335783,0.9505914101111693,28.396983374057577,5.754485716309494,18.04665428767739,0.08304553467693224,0.5262186855870465
29,31,1.2926451716728864,2.135204393542985,2.037282547557521,0.8049040215454646,24.712327296090162,5.387929687614178,19.83993057604369,0.09118163869961148,0.5772744557888021
29,32,1.2435931109155516,2.1160955752623942,1.7746935289603987,0.8060144352969282,24.500411623044123,5.541228769189886,17.51796204789491,0.0891836886272622,0.6067180506109979
29,33,1.2974362316137977,1.762323074366666,2.178708342484555,0.8588373756968118,26.00991324056764,5.665626865090108,18.101196343536458,0.08359871808962921,0.5283675781818716
29,34,1.1250058793860742,2.06722206397135,2.198677698589486,0.7988969808291291,24.749922738095066,5.407663611631039,20.09988644012911,0.08429727161480977,0.504389015569008
29,35,1.299116941488618,1.96375355134829,2.072409826347874,1.0048068092921727,32.310975060647195,6.02115081717055,17.662530264740166,0.07931515689635488,0.5671270839569019
29,36,1.2472820255228947,1.8863332568240219,2.074854429266383,0.8612344551425434,25.94058574194927,5.721341195463893,17.195269019343787,0.09712094200205182,0.4873008241066435
29,37,1.326594362457286,1.8892253398677283,2.098002107609279,0.9285749627574905,28.054693302944827,6.662654252833695,17.15079267779793,0.09826005733068695,0.514386174252092
29,38,1.2283619001665433,1.7615361786050392,1.9841443337620561,0.8109954217184214,24.77513168116451,5.685596740173159,18.33852810235699,0.09735984367009286,0.5610488716330465
29,39,1.1989431805612978,1.9872243413427029,2.094411000546688,0.9500375729831084,28.961607630217525,6.133312243163272,18.13401619796946,0.08452497974665209,0.5840432878018085
29,40,1.2433100053888022,2.0193316917345028,1.9374549581413822,0.8658663748501434,25.88588703620478,5.916600674495385,16.003110365896443,0.09283402905604007,0.5456000859852572
47,1,1.392344928330937,1.8438254466815085,1.8009804024842395,0.8283904174272637,24.93007869811891,5.789121560148882,18.428480106401377,0.08881684801804766,0.507779878249255
47,2,1.3186203900503317,1.9331409236006696,1.9943795943360567,0.8003307342538165,24.592399464279758,6.068101741248746,16.374217687246855,0.08260077958600415,0.5368388344634656
47,3,1.2054403417678103,1.8272874873347928,2.1921502475854946,0.942823816640444,28.854209941112394,6.165441160106127,18.727233254768677,0.07996678624573095,0.6007164558889531
47,4,1.3122815414777242,1.9467577544727983,2.2001868200787755,0.9140009174950713,27.699031476650813,6.255236385587763,17.575495024184132,0.09263863949746612,0.587022611633991
47,5,1.339881380498016,1.9865064003899815,1.8641040892953775,0.9308401652787599,27.70030386093861,6.640836345004466,18.209593155053227,0.08495433231228601,0.5168301626966902
47,6,1.2936685563524877,2.2250369230518947,1.9522981973836706,0.8246898675891934,25.004983868480384,6.273946549278094,17.949610433585967,0.09307037292368506,0.6058905819371869
47,7,1.2243798821564498,1.8298723757760507,2.021682635319423,0.9032156757857667,27.033678201882136,5.364958641336564,18.28361624739694,0.08218480852858968,0.5921045011698667
47,8,1.311809303381903,2.006842266447445,2.0681226513274455,0.9867987015090758,30.93899712343997,6.48020401335779,17.969395443165006,0.09902612989925103,0.615548621505616
47,9,1.1739948145323926,2.0132728783949925,1.9873426468676487,0.8239611008030601,25.025059814054288,6.391265725658494,19.88401285679399,0.09993152296909867,0.5896895151802357
47,10,1.1767977293893888,1.9065164077177346,2.0305155802234,0.9647719141030727,29.529538138138225,5.644605321514655,17.408328144534348,0.08138637782995124,0.5174677799181351
47,11,1.1072034062436082,1.8366438829520373,2.042856153965782,0.8476260403573288,25.582167228779017,6.640751736405995,20.124031296180416,0.09760155699830342,0.606204051809293
47,12,1.1296177864546433,2.046517532446825,1.9105223953887895,0.9700763947382756,29.493540061697818,5.529648861613492,17.903052201876942,0.08095109211939663,0.5158981835042875
47,13,1.1901309306083865,1.8097898291450913,2.1238489182650713,0.9298005446442433,28.153825004249327,6.228110799068423,17.889449941761765,0.0853307302380097,0.5684477999267505
47,14,1.2922567033431276,2.0326237224890713,2.171439913756126,0.898534450009698,27.122852989612937,6.51978677067416,17.430825285246296,0.09673051064532551,0.5395922480435379
47,15,1.1966623844208437,1.9454270627777004,1.9887189994228403,0.8982266133808118,26.829421300166636,5.900265136382046,18.062221779519554,0.10013949373298611,0.5042541889137906
47,16,1.1556482414227671,1.800666582880158,2.1743058309268495,0.9639707814019334,29.87217036509572,6.666537076875553,16.437886932279913,0.09800206609763708,0.5633838343930073
47,17,1.3751580647112545,2.0297596050127114,2.0772389077117492,0.9652264076600666,29.676535243463945,6.5527935891967175,16.919063832612736,0.08624370325310025,0.6101855163635934
47,18,1.181276241012431,2.071074405705193,2.024239723632632,0.8130821980534568,24.851321891315678,6.328704784680319,17.78128230062549,0.08592168487884216,0.5901148932803438
47,19,1.1820643674792406,2.077728293655027,2.143901240271586,0.854423428002965,25.858761193301937,5.508031525486762,19.810827666595532,0.08702232512167714,0.5402194569107946
47,20,1.3863238047195627,1.8508365484620986,1.9110923920150595,0.8287137987418289,25.04359331127089,6.516763321749605,18.816756757026788,0.08228014565612958,0.5116794759003993
47,21,1.138134371317719,2.2179722937951674,1.7786014763246418,0.9059408614463117,26.7461682227816,6.5295612917142,17.05636917542052,0.08369379102456391,0.6030407300660936
47,22,1.3241794549638115,1.7883317390094409,2.148001105721425,0.9488650994586335,29.032375222684827,5.2925064624960205,19.788285107218783,0.09982557272044822,0.48933653394362786
47,23,1.1015713867096708,2.18249899326929,2.1421063178765474,0.9787546556102329,30.65481636541084,5.850905319653405,16.667634241240894,0.08397463118795005,0.5721890763706565
47,24,1.3570371823593097,2.1362039171605987,1.8943612480128669,0.9941550601325758,30.850372410937993,5.393955357725159,20.059309318235126,0.09399604162042896,0.5469221156668836
47,25,1.3087868603965094,1.881189159047172,1.9786110146873201,0.8529074697023628,25.629162417400394,6.4678679753938475,18.08269529061719,0.07920572662423553,0.5163518557855262
47,26,1.2659077112703645,2.2050034508189733,1.9508715885540644,0.9710692424031743,29.651200177324807,6.427999856117098,19.002502506728796,0.0893581590925459,0.554858115237499
47,27,1.3805707392349147,1.9734802880157425,2.2176470401467583,0.9612245186710427,29.84019291280306,6.459252624013243,17.796657915367238,0.08572173307194847,0.6086497215393663
47,28,1.253787058923064,1.9410326402049034,1.9278472448987745,0.8226547545447578,24.941759775383876,5.987114080112631,16.775597405567183,0.09021257671781335,0.5563244474852302
47,29,1.1532836196787373,2.189035270133012,1.788524811460468,0.9191598666989954,27.170565084401726,6.3923399030481685,18.944315037820857,0.0813986575069164,0.5055787075444181
47,30,1.2610597377393358,2.1219458574431203,1.7616076433132186,0.9089565544783502,26.810630469021035,5.290841542307463,15.922732383473878,0.08525995918081844,0.5938418575596198
47,31,1.1880379453939691,2.1317398477945417,2.053584185959769,0.8444354823626202,25.522658408137794,5.9181980779231065,20.05290187695732,0.0945396481069518,0.5933145501166782
47,32,1.103180615870198,2.181943285305597,1.9257832618404662,0.8553857022344624,25.6254374002097,5.402895090112315,15.975266928295953,0.0969719757984594,0.6095415657745381
47,33,1.3651402153376737,1.9911115123041077,1.989821630237763,0.9387448103577296,28.2438315635292,6.284242511191616,16.320659700531895,0.09194361077607609,0.5232656776620652
47,34,1.2969231944370339,1.9053923480392287,2.2317960908442127,0.8680033257945873,26.316036461536196,5.554062589948241,19.512974748932052,0.08469838165994652,0.5574172197690133
47,35,1.3826767917941885,1.972605379155576,1.853598253041467,0.862406499671349,25.704030416105375,6.5473627570155735,20.03578615501464,0.08914604616191903,0.6134940475828131
47,36,1.3234835893309882,2.0135037671550395,1.9156456959281718,0.9284036170345377,27.705399919450652,6.469394486408478,16.738680677365586,0.0955594241383074,0.4889309071882215
47,37,1.1801631337281475,2.0519094180346698,2.2288447043512036,0.7967484331193677,24.738214623361824,6.660002413384289,19.24685157892658,0.09073831747071577,0.5890858422748465
47,38,1.2085588633486644,2.0121175862490337,2.101520916489051,0.8687478577173875,26.163922413203824,5.5275710952290495,17.502607544435467,0.08015787966240857,0.5599426325499788
47,39,1.257921165671845,2.229424713633627,2.122246931735907,0.8460963346043158,25.637637476681533,6.408555191904558,16.37380943416527,0.09833726268587344,0.5456537545520268
47,40,1.2640654913184055,2.048979140603781,1.7982618159505,0.9542662489355526,28.490493282618054,6.056808443009521,18.861119363834742,0.09272911531886728,0.564276102665083
61,1,1.15440491974916,2.1198513473745924,2.198706626956514,1.0015514716982195,32.57585006020854,5.723038655992174,19.5630818057053,0.09219935469094342,0.4844981146026077
61,2,1.3631980304621159,1.9003266891313793,1.768342671500284,0.8777371949806537,25.969640405802743,5.715786763999163,17.54555754552357,0.08150302682131316,0.5255559726892279
61,3,1.2498653922039917,1.8526754881137373,1.7658031741607392,0.9447773931766956,28.038834862753063,5.306020311402234,16.764406511719017,0.08686624931667271,0.5842553242343889
61,4,1.3894779299668036,1.8850799160255587,2.0513825821262985,0.909988733740276,27.301100429422593,6.2199810349234825,17.084651177862895,0.10047854654159491,0.5592281981322262
61,5,1.1010636640429192,2.108520125180087,1.9430578878591178,0.8886694052600305,26.4864249620009,5.396162708666592,17.16091703028065,0.08364874593138377,0.6001497309566307
61,6,1.3770933039915156,1.9781371919966655,2.1467098008069483,0.8969980361329537,27.034739399654637,6.425619084669062,15.968685632257069,0.0831030366264427,0.5411399993453352
61,7,1.2888331739703631,1.8421311564485845,1.9317453348348572,0.9368282781610856,28.05237377607499,6.614129041851313,19.987019919411665,0.08503624673223616,0.5451347503943612
61,8,1.1912892664998056,2.068372616329914,2.188369197617665,0.8387555379220208,25.54630612476914,6.3660513083766,19.681390765971315,0.09080970881840453,0.5130706228615175
61,9,1.2022775246199904,1.7649657340555427,2.0873784936210225,0.8202022796841841,25.049580670813913,5.932334660018795,17.89775276337975,0.08491897955705247,0.5630816641837095
61,10,1.142220554214205,2.128882167943629,2.055543248464638,0.9721610671332221,29.998329655160124,6.3753633260660845,16.32991339193405,0.0814777094149923,0.4885782619626315
61,11,1.2461005327569687,1.8839217285195162,2.1961280904807894,0.9805856184498992,30.951565671094063,6.234196924151077,16.63127156807466,0.08056813559797914,0.5832542283159521
61,12,1.364314016073434,1.8887682367158314,2.0578076579396134,0.9472606768547457,28.75108780937678,6.506308536350353,18.580009115605883,0.09159338283306231,0.48479892906991273
61,13,1.2358985109278144,1.9926504492126615,1.8276466435136358,1.0044732424236509,31.331087576719217,5.44314626375633,17.950088218890272,0.08272020688370499,0.6075860028125463
61,14,1.2424994540173913,1.9168408497843512,2.193509243729646,0.9058316942015615,27.400434407802145,5.924648849254176,18.79325042331617,0.08519306167817808,0.5201877916800166
61,15,1.3647021593800004,1.9389978122033302,2.0291925815032488,0.9043657433832122,27.08193656701284,6.235620457928858,19.41900266794213,0.0834739961279627,0.5562394580765699
61,16,1.3002391240455922,1.8071324521091607,2.176004619282732,0.8257847511159178,25.252878143996575,6.120270764171323,19.073766755527917,0.0871253440500259,0.5184187015209352
61,17,1.124548628066187,1.7786863383736549,2.194082207061016,0.8491866646790126,25.793453518928864,6.1667014040408255,18.20213755213896,0.0858323507832175,0.5978131890124011
61,18,1.1083470276494487,1.8499649268374718,1.7924188072786666,0.8543354239223314,25.452950731528457,6.4974226975413245,16.15511001234519,0.08297578534232898,0.5486780732177827
61,19,1.3160100380361073,1.8264644325221158,1.8221295455309552,0.8652766577280023,25.734296446478808,6.4737892270223805,16.067827791742246,0.09750205142118881,0.6145129143656335
61,20,1.3135466004308716,1.923493970115184,2.2373638342091264,0.9097973300881347,27.614813914893304,6.141343106523176,17.741030501419473,0.08194303744321373,0.5138417550124624
61,21,1.1119619522051747,2.224807178296677,1.8695552334475114,0.9546206395390289,28.66000113575791,6.341443931008757,16.473080203512126,0.09731035323487679,0.5839108118999868
61,22,1.2398025941758204,1.8192792185750322,2.0081885108583646,0.883541542111566,26.43454358774175,5.320310396911904,18.085737403315104,0.09145755067567594,0.5151438633037912
61,23,1.210218473535289,2.0801926988417807,1.8425381325948855,0.8273747990501829,24.950521069605298,6.291575636570958,20.01138318808356,0.09032016731596569,0.5630059819157389
61,24,1.2797668944951885,2.0349433824845105,2.0922687315378856,0.8210676015896058,25.071605000727704,6.694979959611233,19.89947500091838,0.09313855067799821,0.5911317703021239
61,25,1.3174060017690743,2.109703589656104,1.9723666322886642,0.8245710012403937,25.022329131140744,6.695807573356204,17.75415974390115,0.08461353766682739,0.6123035177331514
61,26,1.1575962008813674,1.9733702255038263,1.8677140083348933,0.797843793421018,24.440565056529636,5.6606527803362185,16.449297587961357,0.08672473120348265,0.5543989493848769
61,27,1.2584656768775262,1.989566244719665,1.9847368896631534,0.8717960497980555,26.09220272590483,6.327266222775849,19.750610515130994,0.09279348909493852,0.4953297802576453
61,28,1.1874329298744746,1.8777736840805865,2.1803842042797967,1.0059700082954497,32.89386255025432,6.38622024764741,17.472191480753033,0.09865460846906225,0.5079291148391206
61,29,1.141847358426315,1.8205140153616477,1.956817918602172,0.9861890870592851,30.539276095011427,5.840758580924398,17.52932219234249,0.098225445378352,0.5908716306553767
61,30,1.3867944323320351,2.1587477663496752,1.9108213070304825,0.8140182123585274,24.7632879846855,5.861142355068654,17.6275932063944,0.08521572585454387,0.5566318353738431
61,31,1.2815132286681175,2.076421374858047,2.1774392424464395,0.9556120269648731,29.43612597073821,5.787185554993458,17.836928848212477,0.09960187529177526,0.5536518008096843
61,32,1.3730846552086937,1.924516003925984,1.8613088949175962,0.9598855745637237,28.87800429076669,5.538582807847687,15.912606461463234,0.09451661541655303,0.5983450243388082
61,33,1.2373494901037856,2.1545457865433186,1.9200759085080399,0.8615237104384678,25.761189568197178,5.578604695143275,16.78526235053468,0.09096262220489569,0.5365315765931861
61,34,1.1130448552432042,2.1410464952399875,2.1453968585090197,0.8374902577567032,25.470577801970844,5.976477316518874,16.268725051445944,0.08446118024968984,0.5255290232777657
61,35,1.1379687606860962,1.987956770137745,2.137030591194788,0.9206604093800743,27.82760617792286,5.8323814611003915,17.988410863289225,0.09787236481027098,0.559585029569544
61,36,1.2003707765597584,1.96846708467325,1.9581012610629032,0.814554830017095,24.816977854268952,6.64934449432558,19.62599675662528,0.08012373470471965,0.6122808335683422
61,37,1.2343567337208003,1.8177506520780227,2.013790662847196,0.831971705340024,25.213008302640773,5.782357910177458,18.127098065189216,0.09509299412580324,0.6098969399600472
61,38,1.2277918471757874,2.2297387381790563,2.2258646474928603,0.9680505293782482,30.253854663347525,5.79645111613785,16.656680862659417,0.08165979762809832,0.5041661380894098
61,39,1.264689708445794,2.070087020798046,1.9254479865995182,0.8142924347961034,24.781815551916136,5.415530384729621,16.992028837736967,0.08627025273413433,0.5439538386661135
61,40,1.3309074194724273,1.8577790399865965,2.0207341696176147,0.9721194746857356,29.898264126711172,6.541287637461884,19.878915955473133,0.09934941494306535,0.5488869553997137
79,1,1.2404202277844345,1.8621455522313162,2.1017847571377235,0.9654444833140753,29.754281209669468,6.5458159287887225,18.46985652290975,0.08414882641859786,0.5916541576633187
79,2,1.2502347576926698,1.8411165990302254,1.8787338073763111,0.9062865300936622,26.907148820181305,6.131863990921157,17.628812104540227,0.0885231938603761,0.5061550791169785
79,3,1.1447534496356324,1.9721509407940374,2.0720060040029673,0.9360257318413827,28.300445576419836,5.614486812544904,17.217404038345325,0.09706996431181948,0.5450394085195931
79,4,1.3460833807458243,2.2035843550582914,2.150439188060736,0.887391873569067,26.747436041220094,6.353134640322701,16.760329038178448,0.09339212010204424,0.5118279530474487
79,5,1.1964092094828913,2.139478722247615,2.094392803250967,0.963837983631676,29.648267094683227,5.543499309718285,17.479105533964646,0.09437076034962559,0.6137687290424936
79,6,1.333752199132224,1.9146629665429076,2.066082254165837,0.9075751010544235,27.245485322192973,6.223524845291326,16.219320099171007,0.09151783311013234,0.537904381904339
79,7,1.344524092363767,1.7622006033089008,2.1919930949106057,0.8344608263981055,25.455229878586728,5.703667448398411,17.267758140542277,0.08280737982698803,0.49135176486115784
79,8,1.1044406831844122,2.0903487212883687,1.988570060096377,0.967340413686248,29.55407810394534,5.987974493971579,16.661080394995277,0.08500094610623626,0.5353093810983178
79,9,1.1682739185097888,2.069253816328692,1.8525159137135399,0.9240014756402356,27.438714683542813,5.3873139826059,18.458050344636963,0.08991243471160462,0.613913210959108
79,10,1.3135194726248902,1.9520221213214646,1.9994446003127408,0.8212129193536886,24.983138678579213,5.9119397891937915,16.2933614589429,0.09417998884431847,0.5586040783468528
79,11,1.3463338686499422,1.762036416091479,1.762416663090809,0.8764874844709273,25.931522128860276,5.565554360691771,16.364705458516813,0.09289488454172494,0.529180408943604
79,12,1.3379976426923874,2.0360843154065007,2.1199979893867176,0.8175960167563311,25.03032764280149,5.286114705078965,16.18616809919521,0.09551689481173829,0.5533713847248145
79,13,1.2485647956794022,1.867419658942288,1.9326870211538676,0.8506034529857879,25.525399769036117,6.0196168928612455,16.521116983875526,0.09178309104806454,0.5008034891639127
79,14,1.268172408631013,2.170996164174009,1.7730032063139725,0.8166792259029437,24.686322521778326,6.32027429606252,16.726388825305257,0.0814655298027004,0.49303514601761794
79,15,1.2544792309941486,2.1432917751659195,1.8986938200991574,0.803535246163362,24.564745903414458,5.5011370418303835,17.263711505305697,0.09561098167857747,0.6117871032385512
79,16,1.1861039986201545,2.1117954042875273,2.101036417121361,0.976438500604771,30.382779792704902,5.796351945253092,18.711275011373715,0.10072722389066542,0.5766937136681579
79,17,1.1564269391915865,2.184395737822686,2.0564345830169595,0.9251260040844359,27.843848971975767,5.286528718695935,16.19742201841133,0.08628750515032503,0.5662902476254602
79,18,1.2023016907217434,2.030766898541592,2.142495156571895,1.0051322661957383,32.6443857962965,5.3134317906479875,17.983566594015247,0.09844954994601658,0.48717929960202244
79,19,1.1798928003737335,2.07457720335044,1.874951268958869,1.0051656663154882,31.554869874567885,5.29468668017282,19.563648682353552,0.08885173567888052,0.54638733401741
79,20,1.160842645815496,1.7887567510167686,2.2142692804502393,0.9884574471499341,31.57412645536725,5.3903181582450115,17.598608670991315,0.08821990675428415,0.48765268074965507
79,21,1.2223002722179535,2.1463914358262155,2.0181636224431236,0.9931803081488318,31.205581978901378,6.4776426161007326,16.596467587730363,0.09966060422901957,0.6076575638671675
79,22,1.256373367381228,2.136964729158313,1.9451159362135273,0.8768662372535841,26.171654129555822,5.418249973509338,18.050558477908478,0.10049983344448692,0.5909159439481843
79,23,1.1025358610805303,2.2190978763894385,2.058023463318194,0.9534413429098302,29.036034117973255,6.573391072653623,16.188728895715872,0.08312505983654646,0.6139460997835992
79,24,1.3889433059765133,1.9875022931811823,2.062230402834683,0.8457202826237296,25.561059475096663,6.0846979428474235,18.96490712356639,0.09678612570987312,0.5662719124386607
79,25,1.3581422835530408,2.1087992940945273,2.0716328049089845,0.8269235441895668,25.168791679462355,5.398833481582441,18.546437699731605,0.07943070333853278,0.48861543354549314
79,26,1.3370074453261567,2.086392139414176,2.0481803106031613,0.7947153547463862,24.541352268180322,6.654332136038792,17.222899707804743,0.09484850762314442,0.5574640414482998
79,27,1.3256431302664105,2.080823181684873,2.0924872190399793,0.9980320882443366,31.840988061534606,5.373824974655977,18.23799931548089,0.10011527104095617,0.6089068593239148
79,28,1.381754708269274,1.7854421501196789,2.2289309413796654,0.9570703946038658,29.64610637592687,5.530262578182274,19.44382822290996,0.08688849435489086,0.5307642644402619
79,29,1.3952670436664563,2.0522016556774436,1.8980058727494247,1.0027563504291512,31.46186208030225,6.0667651389328,16.067656569564008,0.09566413342221652,0.48637840850750896
79,30,1.125520801270527,1.9201929305370273,1.9828897343798881,0.9024877767049415,26.95048989224664,6.400884605166025,15.993367285456868,0.08077376224935995,0.6025155775249956
79,31,1.259793893784814,2.2096757167946475,2.1635955970592167,0.8193962876740007,25.109497997209704,5.911354463497785,17.07421738518963,0.08800810983121843,0.5757011990578893
79,32,1.3267555635465265,1.7642467632619423,1.8863697026047435,0.9759760372164701,29.741337068835477,6.115976338859344,18.52602389712955,0.08150070993915368,0.5780322008786355
79,33,1.1931013864547593,2.205293199034379,1.9306609397043715,0.9195118716653734,27.418773988144522,5.61097330630966,19.29993954513558,0.09913995467988218,0.6013260494057161
79,34,1.307530578089913,1.8633112960461709,2.011835362621851,0.9378518325066858,28.252249844984988,5.887581544162176,18.29928463901365,0.09535910242253562,0.49949055466492714
79,35,1.1586057499686697,2.0193617755171873,1.9968907570956889,0.9362625234737935,28.158363424071233,5.60864832476069,18.59737806376724,0.08410335050240789,0.6009193835721406
79,36,1.3562603405285323,1.9990271593761173,1.825653450342295,0.8285651912620461,24.95720582065754,5.795426724209756,18.086498475669913,0.08194646046148624,0.6026521994072891
79,37,1.2314263352917867,2.0741018413430226,2.157110884751524,0.8560878430842188,25.91523207126575,5.957588024799861,18.025654836888005,0.08133038376645318,0.607127871762218
79,38,1.2903741932913166,2.12775075732146,1.9936426059784633,0.9798302282181913,30.26387295087649,6.143787538543677,19.95770670177179,0.08375541776115078,0.4874339002720842
79,39,1.1837118649038338,2.1639910896201253,2.1988265086631644,0.8426448567170132,25.646286757822505,5.801521105925758,17.80629560567524,0.09360355619483754,0.5385458224489572
79,40,1.302559507991886,1.8916933556809274,1.8791456776859745,0.8158276997260443,24.76743885192536,5.696984233795672,16.393474269115558,0.0830228811871149,0.514069192929344
97,1,1.391070755582099,1.8493979911113159,1.849574965549821,0.9267894494718454,27.530210140192086,6.120723806691117,19.371889263056936,0.0865373844998233,0.563344344640161
97,2,1.2341461355784535,2.0789245935712954,2.1217628840676235,0.8521982047029286,25.77911821855463,5.731984830882512,18.939283915433457,0.0818794561943709,0.5819291423037877
97,3,1.1853743027085895,1.998648434239114,1.8260805069144166,0.8520195924579935,25.439127029025045,5.742775829383666,17.121001295290114,0.09858505994876757,0.5905492400144848
97,4,1.3313649764029263,1.840438311446206,2.002886839567033,0.8308078034921116,25.177917789297343,6.347552648399162,19.41801375026027,0.08048860632283247,0.5725615004708662
97,5,1.1896830896707333,2.200501919378532,2.198189666192383,0.9345101753408457,28.5007259828483,5.725015570363643,19.195317773763097,0.0831980373415632,0.5267337105541866
97,6,1.3929005224685853,1.8864778000889686,1.972104253102037,0.936813755966767,28.13104988322481,5.658480940598417,16.832153347488287,0.09799603394437965,0.5790899725433667
97,7,1.3787455925293206,2.1236392920170175,1.8776034995208288,0.9435650792104177,28.21191722322668,6.153127363663235,18.29815864929576,0.09661138940728936,0.5651270094098169
97,8,1.1614022197216773,2.183394236963347,1.8755627575256903,0.860985881476664,25.696539548793684,5.773710918891175,17.54081909193992,0.09550813254482643,0.5385325713753957
97,9,1.2035430551664859,1.8811711971385352,1.9144802546820496,0.8874171812225832,26.412280264143217,5.788091892977345,18.771938747517662,0.09794056590843898,0.5150501762295991
97,10,1.1637200149616094,2.170933573334332,2.0994425841217055,1.007717807542273,32.68324656553836,6.150585696571957,16.16663908926273,0.09399544863718337,0.564978898789826
97,11,1.1896580320753911,1.80255230504246,2.0140353602988967,0.9504095006543042,28.794259935494587,6.190246538955423,16.97992797117289,0.09877509924323198,0.5952636177710233
97,12,1.2030951302082507,1.9707556928657395,1.771170319319938,0.9942532588195837,30.463661318331567,5.520873266373242,17.745211610807495,0.09266251800480538,0.4883620973462276
97,13,1.372988665640198,2.197894990240656,2.1197139713971063,0.8737710494546177,26.320428674258686,5.877076706424703,19.474878112371982,0.0902502111718808,0.5334754043148774
97,14,1.1406925386466538,2.239527799761562,1.8532865721491192,0.8682807973451575,25.84254512449967,6.086029281151411,17.522292269728787,0.08990045277762211,0.611654022344637
97,15,1.1584439173387475,2.215572240007604,2.19818250871471,0.8121035551999201,24.99927296364638,6.2974928177937475,16.53304265212813,0.10009468602667279,0.4933498514255276
97,16,1.1482426741003389,2.0120833992168965,2.08830375424721,0.886003537327776,26.616485721732467,5.937032497098109,19.916300588471863,0.08129961903509471,0.5422381346762181
97,17,1.133646929776682,2.062359740072707,1.94237826066985,0.9739189759888608,29.781666111493678,5.823051539664718,17.427079597457585,0.0916467865655059,0.609738372682225
97,18,1.2245453966390083,1.888511970490984,1.8697698981876967,0.8184415258730022,24.8071137151944,5.4781115717931455,19.347475662844907,0.08792956506761851,0.5307141724769588
97,19,1.190417682019764,1.915147356248563,2.2339900758476103,0.9910179609032256,31.845768586685452,6.645037973245177,19.02313136790641,0.10055641285619052,0.5894172502433374
97,20,1.140982959584636,2.001666905811777,2.0619192974920546,0.9622351849362258,29.47955384427465,5.5450147623865575,15.99050703415711,0.09465353639447882,0.5693685494777124
97,21,1.329618536567923,1.8054622916947072,1.9103806116824338,1.0018959598486392,31.444144272610334,6.219851100668144,18.044304895279073,0.10022519516927315,0.572510254519262
97,22,1.2807615401717451,1.7841022496460948,1.9129585588606206,1.0047326272221226,31.66537732314283,6.230006555540582,17.849581128928943,0.09685642037307228,0.5394493277514125
97,23,1.285057632384801,1.9308241724980941,2.1127535679182166,0.8617821428005052,26.00109772002036,5.415681661993623,16.53455780334117,0.07935027958743468,0.5467524456628063
97,24,1.300034538858161,1.8537298054960083,2.2126147335549833,0.8447747871079638,25.711458297565787,6.202321210123778,17.050468624537146,0.08742747036445217,0.5498468723535582
97,25,1.3222560085887904,1.8026157782436731,2.091621477347196,0.9726804648862203,30.131601997655526,5.920231837691908,19.36606396230944,0.08826251268452262,0.5946027668282517
97,26,1.2217107783413041,2.194185858830809,1.7726114036192986,0.8034310409905531,24.454626987748895,5.623103291869012,19.819762240350776,0.09991732510081058,0.592414420587815
97,27,1.1524207133562445,1.9950784632029837,2.1776677319613182,0.8710714385812551,26.32575182079938,6.376061371796004,16.968173176496595,0.08722948373412408,0.5322516900961141
97,28,1.1517469050601747,2.148951024644266,1.8892278729227312,0.9747749776114498,29.684445702275468,5.932766031782812,17.742488743652988,0.09565242091644917,0.5565650830424528
97,29,1.1988883148814427,1.8084088236814255,1.9595038407377068,0.9048893893168878,26.98873342925677,6.506237919488067,20.1429909302725,0.09002403406785822,0.5170521719293486
97,30,1.2912205818576634,1.9733864928653324,2.00189125251446,0.9930871839994464,31.14222452840232,5.957275833739213,16.741783448318074,0.09522091848690294,0.5679819410009773
97,31,1.3822838314082573,1.9421324491970668,2.2392413791727934,1.0010754074339583,32.71462284043143,5.4576954941691485,18.604336415858775,0.09187375761502202,0.5907860485377914
97,32,1.1804467032165664,2.0604701225335664,1.9663419075952504,0.9777900385607581,30.06497650231206,5.817820960193891,17.87390519236574,0.08574194264304168,0.6026462404814179
97,33,1.1255156698213455,1.8691590339693018,2.0445111475107556,0.8222682528019601,25.048049393004128,5.369331154405359,19.444865374623017,0.08448772767337474,0.5049709657362207
97,34,1.398906370056983,1.813902975078282,1.914587960682235,0.8341377222753033,25.15579977275315,5.307612548529519,19.727686579973245,0.09688686385072191,0.5626847605626681
97,35,1.1020748616345046,1.922150601411617,1.785237804011832,0.9235654371755349,27.310089710052434,6.372861165287069,20.04902121564857,0.09506587055456923,0.5820828359975067
97,36,1.3809633967560093,2.018208854882907,1.9352787633071447,0.8348827067300846,25.1921397942746,6.685332892046581,18.16815973937272,0.08402982945981681,0.5675623950722469
97,37,1.2088951880334744,1.863100353684856,1.7609391974051845,0.8223200608867112,24.778163705900393,5.672428010351538,20.0221988089786,0.08008841030711232,0.5402500740391524
97,38,1.3463362310309437,2.1673303205244,2.0175927330999603,0.8786524473240599,26.314398837081338,5.399585520232526,18.75579004858128,0.09581680314335295,0.5635170307713268
97,39,1.1380719098608123,2.0488994537916487,2.094499120173807,0.9974709247118414,31.8050266563348,6.085300572148083,18.29066829794228,0.089437707434298,0.5486769660812303
97,40,1.2249312262333178,2.1942374783501983,2.0921249402198487,0.8716192209554297,26.226599371993185,6.243731226286938,16.536101794461597,0.09142252656922632,0.5534127090580996
113,1,1.122171079652678,1.904361007093314,1.803813568857398,0.8865111940042859,26.239140840065506,5.3537462718092845,15.938832688122375,0.08431456123541836,0.5504277945893199
113,2,1.3684795288095872,1.8909749453257068,1.932803857588515,0.8121481452225044,24.749143864539775,5.97455177309549,16.722516529778453,0.09758264121791008,0.5599291230936655
113,3,1.2309480642735824,1.7631102776194374,1.801208207020209,0.977530753141459,29.597170024464347,6.156810918165403,20.04662078980492,0.096082709856663,0.49464823884087955
113,4,1.1383033202700537,2.0470464581553394,1.9930316271599422,0.9597235103577013,29.18152416001607,5.365005538690727,16.357405491756236,0.09292370437731177,0.4862596850724999
113,5,1.27275736232748,2.1412884230754416,1.8782101831348004,0.9417585750275208,28.14096068817753,6.537264896493576,19.80391446449251,0.08353226386368555,0.5848908343885851
113,6,1.3521412759188718,2.0473381125598045,2.084641166443252,0.9359909478557257,28.32495600772309,6.240604354333316,16.26582099518485,0.09275546818887653,0.5021670048630759
113,7,1.2305361653465396,2.055193612479431,2.155666607056426,0.9815376133574203,30.880020962053866,5.997548579405922,17.58034361711452,0.0998357570466227,0.5113463376481846
113,8,1.3087731681139756,2.1776507695810667,1.8456998808247704,0.8301808341556505,25.008136203612025,5.754196124349508,19.519467587375715,0.08499113508009898,0.5844950638464373
113,9,1.3053914290782387,2.1101536105610874,1.7695989431944128,0.8912945242404084,26.320904711129245,6.096994336903591,15.842495906508061,0.07975100756798514,0.49322045620899396
113,10,1.3101945096571368,2.1272776552408854,2.111950600006369,0.9961809225195306,31.772621240857553,6.308513043882581,17.21186600602358,0.08232033814302415,0.4950550422482479
113,11,1.3339082788469447,2.2309644694744044,2.087157725633584,0.9601593950309578,29.437825944605635,5.339381526439935,19.38256002237767,0.10017473665229207,0.577275631374241
113,12,1.292824810479452,2.0102520236255144,2.1435560788567494,0.9753190330894846,30.44427830000403,6.645764585066312,18.38040183974297,0.08228909283995228,0.5593663456807216
113,13,1.3883078503981607,2.016716518852022,1.8614714076428294,0.9934021091737041,30.694230092636705,6.552371840268899,16.720025152871973,0.08847459071640972,0.5957481957346176
113,14,1.1325394655777565,1.7998325722788293,2.2316422395212103,0.9935230920565025,32.03592968723624,5.430436995002166,16.63268337578114,0.09891290369579135,0.6104921420264897
113,15,1.3388319017239843,1.76914794933944,1.9775066081379127,0.9577218910312475,29.048098920519028,6.672745582163718,19.087649868451095,0.0882666660034149,0.5631599303079685
113,16,1.3497740248536032,1.8868058758936854,2.0680777372183083,0.9205808091344109,27.69810533712407,5.935935880817705,17.979509955462476,0.081947701619312,0.5465031897051228
113,17,1.1798025088619082,2.1299466867925134,1.9230806893442063,0.9756293643809191,29.822415949299003,5.562912230238991,19.37745905152685,0.09723657951693032,0.5229429418875818
113,18,1.3510056167040294,2.2254272043790864,2.048133650113202,0.9397854241166153,28.406663927171998,5.903508690229697,18.798680314724816,0.08200044734341855,0.49679852835935345
113,19,1.259638071966354,1.9110702560562518,2.1716369609882546,0.8076007432688131,24.887001657318443,6.687212451484536,19.550722678679225,0.0939565175614927,0.48551713668414714
113,20,1.255072269234754,1.9992672578080597,1.77761696283144,0.7935449126414396,24.29500093966585,6.314747460957774,19.034615049077118,0.0885955232081472,0.5925411125876269
113,21,1.1295763137613553,1.8575565462608308,1.9637760435912008,0.9620037658132272,29.221445364090698,6.0685123801570064,16.535515152811556,0.08007198504931519,0.5174551447942398
113,22,1.3756606983581303,2.0884286767626765,2.0600719521546464,0.7921596099839371,24.507516750376436,6.652614928507237,15.9954592280882,0.0830023563480606,0.5976592927622127
113,23,1.2999975475290027,2.1617829448112533,2.031674953790415,0.8041235774185155,24.693136299789206,5.839642569521528,16.227930821145343,0.09556129215246165,0.5310429704116271
113,24,1.152433843537619,2.13133794334171,1.953521016198149,1.002958793161981,31.68474131272173,5.863329606565148,16.994425594353196,0.09429053112004426,0.6153448121963514
113,25,1.165307453736785,1.9194516950472935,1.764785525158598,0.8681360296044778,25.734113052277745,6.004678241158843,19.645207189884346,0.0801240432475626,0.6076512031906935
113,26,1.2403625841773078,1.8270994659757116,2.1867716572935665,0.9581318841159386,29.59082284570661,5.519473537095032,19.180118020045526,0.09457044137492965,0.5883569717163746
113,27,1.2307673726616566,1.8471113268326134,2.2335051874931944,0.8812513652329348,26.68907535568183,5.9878043855014464,18.902621567962928,0.0997244456620398,0.513196580467539
113,28,1.3668063442809633,2.130632654843489,1.8773345911669923,0.8726096088546658,25.97762290534489,5.7420138385708865,18.215619979693628,0.09268413756538366,0.5744043802713978
113,29,1.1667797813562215,1.8200510654182966,1.8681292844155628,0.9759498054203104,29.690861908131172,6.229240783829349,18.431120186294326,0.08153845589715739,0.5994483830431513
113,30,1.2767058098299042,2.1494676364630814,1.9226656636501693,0.7972358056719099,24.4768306779458,5.345688154472958,17.277585352660566,0.0867400855926414,0.502637111425226
113,31,1.1831604711910602,2.0957450100582777,2.0296996205514883,0.9653131450689387,29.555602962799103,6.139601125988609,16.681480384614083,0.09782239730730842,0.49085043196024464
113,32,1.2577166550830463,2.092609862584149,2.156853611516004,0.9412668926188752,28.704669008560966,5.61881578970268,18.56724240672049,0.09739076363121535,0.4971524752040458
113,33,1.1778071332356506,2.076722239433144,1.774431038608612,0.909425494696702,26.844026340347927,5.599895570461444,17.07279041515773,0.09074992189537333,0.5012476359907991
113,34,1.2586845891243146,2.2104978979525867,2.0699177443111836,0.8919513422750277,26.76323000702819,6.084857153951338,19.591730031250098,0.08970056584390004,0.5620972239386369
113,35,1.1936422235392923,2.165860067085768,2.009204820469908,0.8894103336844832,26.600774922952567,6.366041120933141,15.937171884828382,0.0993063277203821,0.6137981202772694
113,36,1.2632486744004,1.8976582320382598,1.8585897596136927,0.9892737626582775,30.42626981882641,5.968545039346223,16.483320355364977,0.09798134629699876,0.5051833464666486
113,37,1.1726169512782314,2.1101387669729514,1.9031063691598533,0.8088071427812051,24.661780370280322,6.276150448808288,18.707565790301338,0.09482578121392267,0.5458760107818001
113,38,1.1282714072327056,1.9559640530746067,2.2370575042997642,0.966639263911274,30.20352566568475,6.26717252783898,17.763623991416654,0.09499863573766623,0.5219615508026838
113,39,1.156839913799143,2.097247409416889,2.0677887344281887,0.9094055719747904,27.309010658091207,6.376488905989596,19.7480470314894,0.08422420664640108,0.5663998183518406
113,40,1.1450855984367578,1.9004718579616597,1.9542925832307638,0.8615074174599575,25.80133113599089,6.135581660114823,17.38452809587516,0.0943910786772304,0.5512037871208659
131,1,1.3844327497520807,2.0097652040111305,1.9638799182848492,0.863209780813984,25.853583671632986,6.524564395915258,16.23537708179048,0.09647064138260826,0.5374762267852844
131,2,1.216408666035202,2.0513798229163513,1.8992332911432663,0.8303478308474556,25.06421811707616,6.664178090592758,20.04351182296356,0.08889285238237848,0.5574164909579439
131,3,1.2923888474437837,2.0387867367122943,2.233610661134792,0.9318236927421881,28.46185763363235,5.559208683855879,18.6545430538212,0.08992175041982899,0.6023008174053802
131,4,1.3071536163219353,2.1541356648096217,1.9229360787384093,0.9567957449490786,28.877615585566755,6.0168675744612115,18.47772124697099,0.08849455357212178,0.5595217575421891
131,5,1.1379827923323362,2.2327961042583566,1.8558577329304435,0.8506742817699161,25.442259095814645,6.66519763235164,19.520593935734563,0.08453689885376359,0.49183603673211446
131,6,1.1718400327915786,2.208557561780495,2.157774830541978,0.9118099234734002,27.545291829783487,5.572029512115643,18.0228447138904,0.09257834137716192,0.48787705732997816
131,7,1.1762471201782152,2.1934663350918155,1.9340633759666825,0.8748439664927087,26.105327832282217,6.080558630941589,18.201059787600208,0.08546825025287598,0.5695190009430441
131,8,1.2279324937944653,1.922252577389402,2.1008120361008724,0.8651467092417607,26.070707233003475,6.519571109076432,19.53205802534066,0.08026929599290723,0.506941875469887
131,9,1.3517007641253698,2.1359572571332723,1.953455312555032,0.9765153778905311,29.955986639842244,5.876969194607765,17.34771910801946,0.07960691398857443,0.5804406081466471
131,10,1.3235100940634466,2.1169926773480214,1.94650123893191,0.9144532368237228,27.275190775390417,6.096550751792128,19.516362297668437,0.0825231577603302,0.48405053012243354
131,11,1.214203784205957,2.038681021879206,2.00126438158219,1.0018384580200428,31.782168854797916,5.430550081984488,20.09188687724287,0.08212516216588985,0.5743059130502299
131,12,1.1785078768463508,1.9676785084519555,2.1423436675481766,0.954997246040695,29.316510190049257,5.5011095220987,19.560722631230995,0.08023126636816838,0.5398486995309895
131,13,1.116000137571984,2.080605416193158,1.7653085609258465,0.9720344637080269,29.226709100936855,6.132812425796806,17.183027448613462,0.0842673284678645,0.6083917206302526
131,14,1.2310689141397066,1.8736099569123152,1.781130119673134,0.9699507275669825,29.16365858007815,5.534311509263137,19.450213880278895,0.09357582795135824,0.552958548928442
131,15,1.1626937345692014,1.9768335844371072,2.1906159813601733,0.9497944746628875,29.17910110692362,5.414670010161327,17.714236415855293,0.08445658881705768,0.5689511008530858
131,16,1.2783233053548535,2.2015987584862167,2.1215300113520494,0.9317860091530663,28.228734360666824,5.746134104487744,19.75620970000271,0.09870799971374053,0.5072979606989628
131,17,1.1296710583511298,2.2240990443864406,2.1739320783220757,0.8425650875473176,25.616019112318256,6.268876436699879,16.00835586121606,0.08813772272852899,0.5185225505922646
131,18,1.1672280591127218,2.129144274898874,2.2352975083864246,0.9801549381807159,31.05519371814017,6.175987612187138,16.570048633027458,0.08486493770163453,0.5688499426823488
131,19,1.2752787212537635,1.9168216502774422,2.0385595152921683,0.798071032560083,24.59150869894155,6.377498125373819,18.873545407856994,0.08809638750445183,0.5554473999477947
131,20,1.3877243210377528,2.058963125347974,2.2178664847937695,0.9488804926983754,29.20095784996716,6.556190412240127,17.962104457897134,0.08289760844635179,0.5375919973297901
131,21,1.162965147040913,1.8519690748557043,1.9620042647584428,0.8758594516858719,26.167441538783613,5.330701198803294,20.028760072283077,0.09900424745410456,0.5801671038150211
131,22,1.298401238072842,1.8791944188707512,1.8406869920579216,0.8112268896720902,24.64925197885251,6.013741112334797,18.978210670525996,0.0947854349356772,0.5122145604427585
131,23,1.2507838858521567,1.8160825706480748,1.7753169141483187,0.9141283835423359,26.98965744593694,5.589779429626686,17.057465054544966,0.07969432596651038,0.5317523394019716
131,24,1.19608742961341,1.7649562352450674,2.0398714365257367,0.873962903674888,26.219533995682475,6.684373259872442,16.015259798156507,0.08232935306974509,0.5184167975283469
131,25,1.1375194544469651,2.16737330558818,2.1139712193184703,0.8234214315495823,25.14064097022288,6.3882216433328205,16.51918515839598,0.09403384981870071,0.49489744482454967
131,26,1.3420666782915305,2.014719783332198,2.1303152786568944,0.855661206340616,25.872257946307073,6.074115090153916,18.506088485654818,0.09352194449826112,0.48687610018163785
131,27,1.396088005859029,1.9970407721197068,1.9113006252063132,0.8157774736994801,24.796206036891988,5.416281341517904,17.255377027678417,0.08393578330715175,0.5254969491106698
131,28,1.2629124240414422,2.073107665303138,2.189061542765671,0.9344196466012442,28.477467706335926,5.52556908393764,18.12561329688305,0.09522484398365441,0.561019138834812
131,29,1.1693969431305338,1.8688045671213978,1.900830161483363,0.9485750559715949,28.46661131738589,6.3298300169050465,19.908310430964537,0.09882042024562031,0.589714618931473
131,30,1.2810537614458084,2.056237981471963,1.891575355137571,0.889363405915413,26.434301209430853,5.291271258131479,17.940647611632933,0.09870254120408906,0.5966018584469854
131,31,1.153008795045059,1.8562650100827296,2.1139690388859886,0.8225350283526108,25.122728949591018,5.59457462577062,19.021074960961094,0.09173788235962077,0.5609553522812922
131,32,1.3659612415236904,1.9956473529359884,2.2293177755780698,0.8113723207490898,25.015434757109674,5.393134896066824,19.247686125556058,0.08528480377303264,0.5773466073107146
131,33,1.2767066852457567,2.2152943548005997,1.7616672730114051,0.8957048803407466,26.430060773698017,5.411818504765105,16.686821773701062,0.09541622379877554,0.5387293441593227
131,34,1.3163517934522693,2.2313457313098497,2.2142344825530853,0.9229862328926522,28.063388648264322,6.104187711046173,18.758957820167197,0.09494245835010318,0.5956540498818418
131,35,1.1827010865571945,1.8431127754783367,2.0760812121416925,0.9348061337733732,28.259012060078252,6.079213751616946,19.29330578585555,0.09853201361453609,0.5485862392310259
131,36,1.33643440733457,2.116409465708508,1.928121110244711,0.8605501366491373,25.74774191734069,6.458756986935852,18.06748638517034,0.09480050238403258,0.5354443756052326
131,37,1.1397866903058889,1.945504656510381,1.9322089964927964,0.9595111409399252,29.025592007734794,5.960340244260673,17.974485376675425,0.09580034796099846,0.6074955118206055
131,38,1.2199147841747353,2.0725314164807584,2.022249225147085,0.8145709956363336,24.87753887809762,5.4020841614057495,17.90592707458546,0.08059104532345718,0.48468877522983583
131,39,1.2889472269753104,2.116862527239494,2.2033229248507573,0.9490345021218612,29.173044464836433,5.80128460404689,17.53530758075179,0.09036200710512626,0.49605276456876324
131,40,1.2272130336667495,1.878929785652802,2.0854066205714386,0.8836666933490915,26.545792880416396,5.333074201599061,17.467882077530888,0.09715176018682437,0.4928986219599706
149,1,1.3939110809953748,2.0010033111627035,1.7925045734368672,0.9543931801657769,28.483652470124106,6.664350473408838,17.954477342080523,0.09906511387928621,0.5598498419528849
149,2,1.3593747453437737,1.7974207664036241,2.2059496998762858,0.9717486519034308,30.41665636509004,6.434098726925118,19.149503298125417,0.08394272782324554,0.5950565404821524
149,3,1.3514216563505559,2.079891535210556,2.148671792441245,0.8700722284305137,26.2603870551464,5.592222532703564,16.70850305825048,0.08417099239295775,0.6110671591992732
149,4,1.3729371073304697,1.8192976616565735,1.9980102021613624,0.9880364660806359,30.78888916026579,5.923964876377076,18.588953025487868,0.09855458503954946,0.5138419753599024
149,5,1.3582945958146175,2.172558381215908,1.819403805956695,0.8288773738393784,24.957200029230023,5.598772517405215,16.91450871596498,0.09369662563937103,0.5326701166993544
149,6,1.241225714128385,2.2391254287425104,1.9349488678216853,0.9090544822868505,27.081191051019516,6.051517421796753,19.245147271546095,0.09805600944678887,0.5915384519437634
149,7,1.2323703319332906,1.7918591664484578,1.931513565858891,0.9464898962131701,28.443338559009327,6.24473405570874,16.88576783705029,0.08304968288550243,0.5418365623571896
149,8,1.2800467230944246,1.8623172575022877,2.1884298181227684,0.9529618493301665,29.329949624727387,5.3875066978036985,19.158216244017165,0.09350138660174674,0.5481199332159682
149,9,1.1209414883273525,1.8027546301145478,2.0265096154718822,0.8034061546580704,24.675570754166895,6.1528520587871505,17.640055317239565,0.09511617595453678,0.5793653550619379
149,10,1.2255147674657163,1.8286688699100042,2.161898289586361,0.9338233229831424,28.395219738838566,5.968758549717835,17.230347856286876,0.0917599413086242,0.5947677008927408
149,11,1.3706123613187011,2.1038597625526614,1.837544128064065,0.8150962425025808,24.716052531698953,6.077721616458506,16.140361953745238,0.09184511641678335,0.5184840639610626
149,12,1.1332755602434468,2.0654583057447384,1.8750686300944133,0.8903405733826945,26.438487822139805,5.694585300290239,17.053781863315837,0.09934533294101201,0.48881785301192715
149,13,1.37342187320521,1.859670603437595,2.1989399101937868,0.8566138737808618,25.979720868444804,5.601210994829763,19.17894722975154,0.09036779429763166,0.6097080263869922
149,14,1.1583012824098784,2.0565205053499027,2.2247837269739876,0.869672351956203,26.35155388987181,5.342672162120293,15.895012032364649,0.08071583393123336,0.5489208321106719
149,15,1.1503445455666677,2.237582884599235,1.8913526290148692,0.8268462604641704,24.987591792639325,6.714060048833677,19.376399993594674,0.08161066762981166,0.5805470013914563
149,16,1.3860185144474602,2.0646022627512317,2.170808505722449,0.8659621520754117,26.181543207265747,5.884752832730225,19.345003628618944,0.09063704236923859,0.48891421045192207
149,17,1.3911705064385105,2.1408890170477974,1.8290327607333396,0.9173981819523381,27.17912015291372,5.783526424987145,19.4736498746893,0.09035565594158677,0.564993969792799
149,18,1.3272782758324653,1.987611180939444,1.8812480432677758,0.8892276260532253,26.416363801526888,5.986785641863405,16.422389171456715,0.09243135624920297,0.5506913913854158
149,19,1.3671890225032188,1.842880682332896,1.9330956254201017,0.9305318027735996,27.815514952463786,5.319940826881087,16.001725893923407,0.08346511867294291,0.5195918573633255
149,20,1.2734827899734644,1.945128613700257,2.0363188767017935,0.8559725918040608,25.767348098871754,5.838420030444391,17.17928190173476,0.08008915848381402,0.5729174503840541
149,21,1.3579066056925384,1.8398762660618881,1.820557677318872,0.8808206276620291,26.11303853828717,5.774203003785944,15.848017481700868,0.08043276687530519,0.5267860526232767
149,22,1.1371269688402033,1.7600252310938653,2.1783755837634584,0.9269898244597748,28.150470260212387,5.650804861718496,18.701652397711904,0.08979121680715785,0.5926881503284861
149,23,1.36737618040179,1.7864424497386986,2.2247188514468714,0.9924570304740183,31.922726365208185,5.752130947301742,18.098920728516052,0.09712301822654497,0.5679899748441193
149,24,1.2775335508087609,2.0482010297169224,2.121827949653703,0.9852445778549626,31.01537087031853,5.440834396778948,17.974878379550855,0.07954363182321236,0.5969066406639266
149,25,1.279617516865297,1.9070547227586543,2.2261265042789518,0.851657363260657,25.891343789892296,6.633751901089843,20.075556602771336,0.09575312836545515,0.6067362799736189
149,26,1.1616964286636673,2.081766674928796,1.9135250480910584,0.8049036583244482,24.60172631815914,6.303798648151329,18.249091989626322,0.08018085793213557,0.6050691606970312
149,27,1.1800016039616823,1.876340647636808,1.83398637816114,0.8356212497129886,25.104367793873703,6.382872037674274,19.298440336790964,0.07938649201020322,0.5236221039432893
149,28,1.3811555390729127,2.0677640795091206,1.7846602324759406,0.7993696248120178,24.39652274308871,5.443793958437559,17.859554906744364,0.09065313726318151,0.6067514927983743
149,29,1.3144982725144025,1.8621852277775521,1.7611154247513598,0.8662396654203801,25.685675860749093,6.599814089995466,16.835582668724022,0.08901567209889999,0.48979664997743777
149,30,1.3145583948324726,1.9459084252549452,2.1962272129086813,0.886782387405255,26.797366039107153,6.28928170716879,17.11219317023849,0.08925331621669667,0.6087096793132548
149,31,1.1921557738759065,2.237508829813097,2.0697335325704675,0.848182294388646,25.625302889011017,6.223936688595011,18.043512912840146,0.1002917095961367,0.5084956587628782
149,32,1.1264171262594793,2.118888264846755,2.0796158708050783,0.8430428250829649,25.52063164797579,5.747693418865033,18.813558713301163,0.09893990684265572,0.5094440060741916
149,33,1.2698326358976453,2.1198194529712153,1.9142686079132454,1.0079281803278435,31.918649451122267,6.084470675240391,17.8829265361663,0.09302437967926691,0.5759643632463501
149,34,1.3106243483048492,2.1463091182468665,1.7726827029199967,0.8651646841344663,25.674193036553408,6.313817031872319,17.21518708497584,0.0998145402365402,0.5965669834775376
149,35,1.1902133770634107,2.2369675241643145,2.1022793420730195,0.8155766372007652,24.97352828985356,5.628971258612623,17.958920120696373,0.09775515728640169,0.6130301461431108
149,36,1.318057754614327,2.1176029745409597,1.9509181890591536,0.9185308882293296,27.419863408959458,6.620968378536807,19.974630961053318,0.08693447755968109,0.5238011355247923
149,37,1.2377095860117504,2.05078252238248,2.077779771908648,0.9312049217527721,28.118199080881038,6.001965488619276,19.38284138952984,0.09843965253442086,0.48600958910963205
149,38,1.1105449240234828,1.779024218964529,1.826325502810744,0.9314190414687454,27.6530555690777,5.381463112332995,18.733304666493773,0.09680016609643077,0.51304559731739
149,39,1.3568510173913615,1.8584940094080658,1.771781261978644,0.9977694833899293,30.686710724711943,5.553972883316069,20.15562344279554,0.08456124006354487,0.5180437930884595
149,40,1.1718295752648795,1.9272196636091619,1.8415799198587275,0.9552825903419966,28.6276974926419,6.583308017757393,16.192708584779968,0.0831715426000453,0.510802301203011
167,1,1.1495346496479255,1.9165207608637695,1.9829185298142429,0.9973540831759592,31.377542644212664,6.5884717742395615,16.836805834358774,0.09583120808173778,0.502407962896374
167,2,1.2043591723894653,1.8902368107551515,1.9102714519810284,0.8478119625493103,25.439168846871993,6.240804329985717,16.739256229438368,0.08378408024836402,0.507259847774842
167,3,1.1820583938681324,1.8740300511819563,1.902917885211365,0.8627576730852874,25.770064937834178,5.883294452293537,19.892867100536964,0.09855975799191151,0.5951665881433303
167,4,1.3899293949533362,2.105057036327113,2.0690864431331804,0.8737337043753957,26.25197627324805,5.705791715002036,16.048977697372845,0.09820144181324586,0.5561057265953416
167,5,1.3901731326422204,1.8597613369781079,2.1874092024365677,0.9468748683110552,29.031437928059596,5.306252950500541,19.597703157608265,0.08863840305332475,0.49402955303981944
167,6,1.2502398015682674,1.9175530751890262,2.0363659280702673,0.9600482129680258,29.304150054124147,5.785940259112038,17.51552358935674,0.09620247982837506,0.5476215947363774
167,7,1.3473802366639842,2.0426054785923156,2.088115074765961,0.8198524673559072,25.04339182719728,6.599200777155751,16.477024768718216,0.08089980144637898,0.5304411472805709
167,8,1.3497788419316958,2.1921254264505174,1.9119439375825205,0.8774918809765782,26.144924151863616,6.191759356626138,17.606097028674014,0.08912093395344843,0.591699979712045
167,9,1.3045326258317642,1.8289751716221556,2.136859954112537,0.9506560581325233,29.091042773724745,5.8247887165359975,17.835124240781372,0.08214824091040941,0.5578257758863072
167,10,1.3230569231774019,2.0228929712727113,2.1326597410362016,0.8506461107003597,25.755337207372495,6.117150341549362,19.16275003816839,0.09698203526151518,0.5807223526122923
167,11,1.3508552330399919,1.7810234627437287,2.1062073490567657,0.8845201769829262,26.599629751783436,5.969593426160108,18.145143645667268,0.1005182809697356,0.5666566461316517
167,12,1.2403141042320707,2.073554809638284,2.173846409706547,0.8828615143966027,26.649195658004672,6.309853782088036,18.49258936743292,0.09625315370726209,0.5892843111365655
167,13,1.2405243495811744,2.1934228257595234,2.0113965508536658,0.9547090357657135,28.985951755464843,6.071371496308083,18.078521812965583,0.09572498411302875,0.4996946212882024
167,14,1.3495909896552059,2.0711371008854798,2.16749285080003,0.9677792092781434,30.067657131331114,5.330067060025405,19.6216532902927,0.09491723730773236,0.48586379891141107
167,15,1.2081293879274109,1.9749302726215892,1.9753586292486625,0.9510623453006407,28.736745671470235,6.017011603276623,16.390486126672954,0.0823540713078831,0.5313905188998403
167,16,1.2064933747806519,1.9134355136744872,2.023518947072823,0.8264348904355586,25.110196669518935,5.675736213225267,17.22078152798105,0.08113481905434951,0.5429091899000873
167,17,1.3170400070757018,2.0597579686052865,2.102735510362725,0.8773158316609407,26.39343663938257,6.057337593948554,17.50743407855867,0.0875130368563615,0.5938732196298852
167,18,1.2924642535129887,2.1314880370304152,2.0965202877782447,0.799681255251169,24.671542945046088,6.026677982762335,19.299209188426765,0.08246704427829968,0.5285405959439483
167,19,1.115216283760449,2.0326587493681214,2.0811504195440444,0.8817859953579833,26.487016672507995,6.381180248900376,17.085470007344846,0.08846282376145272,0.6036738440507664
167,20,1.2457628726469698,2.2149164325603814,1.8563626239223807,0.8586246349459288,25.62014407098473,6.533718283006986,19.389910427833826,0.09929661099471011,0.5598922891558074
167,21,1.2611912141488444,1.8819497558867764,1.8817781566008125,0.922169085314043,27.426060271615622,6.081562675390005,17.560825463565166,0.08946707484326656,0.5382587321810347
167,22,1.2461956784241093,2.0785108888307136,1.8259076406977703,0.8699897296853317,25.850724943115278,5.357828718408131,19.421457614946977,0.09958698972090033,0.5626110580756984
167,23,1.1802790961525158,2.1154307196679487,1.8911166476275827,0.8225480168449278,24.904528197507716,6.191871902841161,17.29795777082306,0.07986959238158516,0.50707943719981
167,24,1.1665466953679726,2.217106671665392,1.9583465421177375,1.0077322695589594,32.08014717280262,5.5939673499260625,17.2153253604597,0.08405186157979358,0.5013326571279891
167,25,1.3061897082902065,1.9506227591294332,2.212183626730013,0.9410714835838315,28.820033187252214,5.609336526154383,18.374520541619695,0.08877205370834634,0.5830263682607002
167,26,1.2783184355946398,2.2283081140602876,2.119114027416032,0.820072203125489,25.078513794257823,5.464250488152681,16.667963316050333,0.08886203701868484,0.5503972945871461
167,27,1.2667919197823416,1.9206945512289613,1.907872653669102,0.7925658664542015,24.385819760844917,5.494481729844953,17.715841317619585,0.08292197299895895,0.5265298568485418
167,28,1.2981744796216075,2.181044405503416,1.761738488941108,0.9809153891013714,29.671942423290318,6.328865989018835,18.351152729952343,0.09998840872665082,0.5295614370731169
167,29,1.1970274544721529,2.2308230589441926,1.9300716928005859,0.9557373747831154,28.845521166632487,5.8404637040876874,18.103515861415513,0.09064437238758069,0.5302540570399706
167,30,1.3916556059371497,2.172909141741287,1.9410734244423795,0.8075977521104913,24.674130296214095,6.689468882765443,19.219862985791885,0.08021977322675714,0.5745089156448233
167,31,1.3424856784569419,1.9700504832305654,1.7651563498194092,0.8235355153175405,24.804573229297507,5.9505769452306865,16.547702355365537,0.08067155903022578,0.5723959636108855
167,32,1.2123940872999674,1.9282274708010838,1.8013608194111594,0.9122998802926312,26.9732818746778,6.649123031723334,16.637802191888362,0.08539923366139557,0.49653674659723734
167,33,1.3159844791868893,1.974324042757982,1.9895093574815432,0.9148905863834137,27.361752861148233,6.463565889578406,17.737242928049408,0.09943426512972232,0.5550326890684704
167,34,1.3545593114896712,1.9172858626754414,1.9841269233917418,0.9927935662666798,31.06067880318848,6.08492814120013,17.386724268708537,0.09705979965777349,0.6102350144147334
167,35,1.1135876972461405,1.7737606414819707,1.8384937591107335,0.877263918944825,26.04545684181553,6.542127042433139,16.001854286863164,0.0811142875497158,0.5091325559570038
167,36,1.3044297309210768,2.1386436767428676,2.1526947919452315,0.8225771792089758,25.162815095636425,6.568861499186795,17.316897690780237,0.09420701140756617,0.5610938745984166
167,37,1.337446298111514,1.7912680259161655,2.2373767382119167,0.8423143108850638,25.68307673901146,6.530909846135129,19.6332764258448,0.09866735522542851,0.5525175317129236
167,38,1.10754782169208,1.9335549773068372,1.9874688870907082,0.8299330563051043,25.14441969815718,6.548373401241582,19.016286410463422,0.10007444604890334,0.5203793815373752
167,39,1.1010439334889295,1.8563368078822222,1.833654768978949,0.9343011741752505,27.77107961162653,5.496183415149785,18.009026648299773,0.09858984648174207,0.5218334439215605
167,40,1.2830860278405312,2.102402968088581,1.9902752132986623,0.8812775141329422,26.348302105280137,6.272965732893379,18.909461604851355,0.09397528321842609,0.5446366441650771
191,1,1.176652677882242,1.9124176989284511,1.7990641194301484,1.0072538263517385,31.42893995798409,6.33592990662517,19.47440256789031,0.08163685195872415,0.5884630920503349
191,2,1.1417625538498868,2.1444568582968495,1.8597086044796893,0.9027049594640038,26.770448336596484,5.32989482282615,18.68017577546598,0.08685548702138143,0.5503818949453481
191,3,1.1651662759380133,1.773231222784287,1.9242967521947625,0.7955362794812127,24.449373689500312,5.852770839541461,18.313725443955093,0.08864175578663666,0.6118259942410678
191,4,1.1941633293988778,2.0184083607415646,1.809604150797516,0.7942229193556479,24.332103117572643,6.272302994020345,16.95322129744374,0.08218876642385212,0.5464111744560219
191,5,1.3455687100546865,2.1024460326406436,1.835262122643518,0.9671583058199685,29.15949927649271,5.441410127785916,18.618522175397086,0.08567358246937122,0.5164126357581235
191,6,1.1700715687132035,2.167091041722893,2.10615139254774,0.8567649519194191,25.869730466743867,6.008530763605551,17.60753029779755,0.08115868973499467,0.5068908853907261
191,7,1.3864344167145395,1.8068260036641377,1.7838430701933417,0.9046024449975132,26.71447345702433,6.1426729497099135,19.904620722889582,0.0957846895772358,0.5875993710742045
191,8,1.3702011574149098,2.2035707167802934,1.898242472657713,0.805032994272014,24.590562217279835,6.154972485712388,19.670286612127857,0.1001816966436539,0.5468459563146689
191,9,1.1363371827479853,2.2030706247839946,2.1928055907451642,0.821513655150723,25.182044812495352,6.170975904639049,16.769123847869093,0.08304651783388235,0.5078007534220647
191,10,1.1577652845291884,1.9117649519663011,2.0169044680353787,0.9607642927439949,29.29136806381785,6.110866670704276,19.709462260008525,0.08441014477426796,0.5079429825788717
191,11,1.306722083417008,1.8348830526074074,1.940625734435595,0.7995605317056395,24.53213382344192,5.541910393053374,18.191464630801043,0.0902895013497717,0.5991050760885692
191,12,1.2066827550211998,2.063021939896129,1.9828622064838273,0.942736765998727,28.393618818849784,5.958696182899653,19.38055511212659,0.09794419093377847,0.612334576717621
191,13,1.131892800665581,2.2179512096654936,2.031196199140646,0.952909474005231,28.948153809728453,6.629780728766901,19.753924760959,0.09762832249515695,0.5350472643824218
191,14,1.2936949455694235,2.0978222022567596,2.174846951691911,0.8019846340901503,24.78481156915333,6.136878467783341,15.942019625218409,0.08300056615695198,0.6036793015780838
191,15,1.3760960947004217,1.7826007023389274,2.142952911592514,0.8775273953438488,26.454546048946032,5.598638531226632,18.415835736533083,0.09880026035606738,0.5559936899470156
191,16,1.1653989933570001,1.8365365834271756,2.1388243407374254,0.845527817594241,25.643600752023463,6.133859410190301,16.366015887679744,0.0819062293188582,0.5621015687565754
191,17,1.3936879563431543,1.95936727190721,1.808482801448802,0.7959828688776138,24.360111599903952,6.6824853132868345,18.792569049263165,0.09955828792063877,0.59215718693489
191,18,1.1496720362038226,1.9889211228924801,1.770567456287303,0.9515246234819487,28.317963534742496,6.403711239616103,16.935844864281723,0.08115424713423645,0.5287594821823285
191,19,1.1172708313980197,2.0874663742403765,1.8538523885857483,0.8808787033594073,26.157382759945236,6.580660286925208,18.83374670627647,0.09489492918506395,0.536126608220648
191,20,1.3782395340029665,1.7918443277075238,2.075228635944258,0.8917418223733077,26.764892108119962,5.456703258880557,16.599608781052705,0.09349707069116435,0.5155508222678151
191,21,1.2326823074615543,1.9347781069252337,2.227418925346634,0.8767631134122247,26.55136487274579,5.7332214146838005,18.02789996840281,0.09267548721784212,0.5104011405297811
191,22,1.1173916148302432,1.8828959512380603,1.8715996198117122,0.9712199134303338,29.452278735363993,6.386391715878975,16.628874754508164,0.09047680759483673,0.6098223512635413
191,23,1.1470783093703143,1.9143070878936626,2.233094794171475,0.8049229732533996,24.89450896735812,5.869658881137748,17.0347731526156,0.09478211114476721,0.48569979840137173
191,24,1.1116307114391797,2.2242840862011253,2.1197517819138616,0.8888299576406452,26.744590849877323,6.055375542159461,17.3347924709938,0.09559599332506684,0.5640635782862387
191,25,1.1666546377061644,1.7650635684463436,2.1704715052161,0.940494877770261,28.70062777590618,5.675161548333056,18.04216551198376,0.08562635718167673,0.5134134573718797
191,26,1.2828353850047503,1.879232621907201,1.951813646527253,0.9954133587130178,31.129888832905397,5.569308515521963,18.85231868704765,0.08187383595564247,0.6125348051921493
191,27,1.1724850088339096,1.9824436267589303,2.012642898366266,0.862362515951343,25.892096943835288,5.815309471492337,16.463576638423604,0.09665588739604151,0.500875942786367
191,28,1.3209270026571724,2.067963376649871,2.1810205748336444,0.8576934310337521,25.984280934163,5.45089785502913,19.37022563914492,0.0918235222601999,0.5804986423462002
191,29,1.1583598600927199,2.01392494125337,1.8133903298332061,0.8111766564612309,24.624095654796342,5.531147404113374,16.738054040728446,0.09968850713786476,0.5490171875098571
191,30,1.2213936368208864,2.191697582920821,1.9781727804027132,0.8529847804448935,25.630428001594726,6.069362616208171,17.750429730259672,0.08253805925626763,0.505577426843543
191,31,1.1843655128203197,1.786689335474032,1.8771668884334103,0.8103253592013145,24.665741836063702,5.702165042669217,15.926164217285134,0.09587542302739872,0.608540512200703
191,32,1.3775906163494218,2.036840615544359,2.0692495574170064,0.90472202472256,27.15756678438668,5.7449657897291715,18.735892825854503,0.08777650286017409,0.5419772177321559
191,33,1.3300513016382467,2.2204754107351587,2.1782252846512242,0.8034270240344817,24.814711809828793,6.1642354078463635,17.659965744398736,0.08701295089199525,0.5815522988674101
191,34,1.1436423222695358,1.9343874730452162,1.873812302374811,0.7982469361563983,24.45252710245766,5.6484463929435105,17.025383299342188,0.09722410342853552,0.5836325308260831
191,35,1.13088597047979,2.13974423020944,2.12081375967239,0.9677319901249675,29.9326739998727,5.334364802566562,16.176134212430433,0.0900609584231001,0.5351037709269842
191,36,1.291920675231206,2.1820980184750707,2.1659270672808337,0.8435418122737414,25.629165733996505,5.850017023312867,17.699051178215022,0.09563951592776868,0.5280701557984239
191,37,1.2339475871059158,2.0733642621445534,2.042953437124711,0.9875689802406932,30.906348516845206,6.028441648875949,18.639515873914448,0.08162734689026356,0.5904417784915331
191,38,1.302426918175341,1.795949516368145,2.119537570409138,0.8947441734702684,26.922414954310852,5.7418805674580184,16.12239661451129,0.0793360160276974,0.5830454007678751
191,39,1.3562944236251928,1.9559698334112365,1.8383999006853986,0.8755109290624657,26.001374740214203,5.632642983883439,19.880049901516944,0.08125043169205749,0.5151091755128353
191,40,1.3542330686918038,1.9604316079349275,2.052254807234189,0.9410726205412487,28.469524725834038,5.5863394746839035,19.05836375230186,0.08603563916634775,0.503059832025335
