average_time_headway_s,case_id,command_delay_s,directional_reserve_proxy_mps2,distance_to_nearest_active_vehicle,first_limit_kind_at_probe,first_limit_vehicle_at_probe,observed_boundary_mps2,predicted_bottleneck_constraint,predicted_bottleneck_vehicle,predicted_margin_at_probe,prediction_average_headway,prediction_directional_margin,prediction_distance_to_control,prediction_small_pulse_gain,seed,small_pulse_gain,split
1.2,even_idm_internal8_d02,0.2,1.1374130249562575,6,jerk_saturation,8,2.1,acceleration_upper,8,0.7802029741925853,,,,,97,0.8814477597304915,development
1.2,even_idm_internal8_d02,0.2,1.1088786145870067,6,jerk_saturation,8,2.1,acceleration_upper,8,0.774547009283689,,,,,113,0.8742235212860692,development
1.2,even_idm_internal8_d02,0.2,1.0960706611858704,6,jerk_saturation,8,2.1,acceleration_upper,8,0.7719125154490333,,,,,131,0.8703346273732109,development
1.2,even_idm_internal8_d02,0.2,1.04996975242658,6,jerk_saturation,8,2.5,acceleration_upper,8,0.7618979028469856,,,,,149,0.8580972500598042,development
1.2,even_idm_internal8_d02,0.2,1.0842178034363632,6,jerk_saturation,8,2.1,acceleration_upper,8,0.7694190233663014,,,,,167,0.8682683202810324,development
1.2,even_idm_internal8_d02,0.2,1.1030641219985335,6,jerk_saturation,8,2.5,acceleration_upper,8,0.77335859718921,,,,,191,0.8726614632938284,development
1.2,even_idm_leader_cmd0,0.0,5.0,1,gap_lower,1,4.5,gap_lower,1,0.9535000000000021,,,,,97,0.0,development
1.2,even_idm_leader_cmd0,0.0,5.0,1,gap_lower,1,4.5,gap_lower,1,0.9535000000000021,,,,,113,0.0,development
1.2,even_idm_leader_cmd0,0.0,5.0,1,gap_lower,1,4.5,gap_lower,1,0.9535000000000021,,,,,131,0.0,development
1.2,even_idm_leader_cmd0,0.0,5.0,1,gap_lower,1,4.5,gap_lower,1,0.9535000000000021,,,,,149,0.0,development
1.2,even_idm_leader_cmd0,0.0,5.0,1,gap_lower,1,4.5,gap_lower,1,0.9535000000000021,,,,,167,0.0,development
1.2,even_idm_leader_cmd0,0.0,5.0,1,gap_lower,1,4.5,gap_lower,1,0.9535000000000021,,,,,191,0.0,development
1.2,even_idm_leader_cmd04,0.4,5.0,1,gap_lower,1,4.0,gap_lower,1,0.9535000000000021,3.7750000000000004,3.4583333333332926,4.083333333333334,4.08347638779108,97,0.0,test
1.2,even_idm_leader_cmd04,0.4,5.0,1,gap_lower,1,4.0,gap_lower,1,0.9535000000000021,3.7750000000000004,3.4583333333332926,4.083333333333334,4.08347638779108,113,0.0,test
1.2,even_idm_leader_cmd04,0.4,5.0,1,gap_lower,1,4.0,gap_lower,1,0.9535000000000021,3.7750000000000004,3.4583333333332926,4.083333333333334,4.08347638779108,131,0.0,test
1.2,even_idm_leader_cmd04,0.4,5.0,1,gap_lower,1,4.0,gap_lower,1,0.9535000000000021,3.7750000000000004,3.4583333333332926,4.083333333333334,4.08347638779108,149,0.0,test
1.2,even_idm_leader_cmd04,0.4,5.0,1,gap_lower,1,4.0,gap_lower,1,0.9535000000000021,3.7750000000000004,3.4583333333332926,4.083333333333334,4.08347638779108,167,0.0,test
1.2,even_idm_leader_cmd04,0.4,5.0,1,gap_lower,1,4.5,gap_lower,1,0.9535000000000021,3.7750000000000004,3.4583333333332926,4.083333333333334,4.08347638779108,191,0.0,test
1.2,even_idm_leader_d02,0.2,5.0,1,gap_lower,1,4.5,gap_lower,1,0.9535000000000021,,,,,3,0.0,development
1.2,even_idm_leader_d02,0.2,5.0,1,gap_lower,1,4.0,gap_lower,1,0.9535000000000021,,,,,11,0.0,development
1.2,even_idm_leader_d02,0.2,5.0,1,gap_lower,1,4.5,gap_lower,1,0.9535000000000021,,,,,29,0.0,development
1.2,even_idm_leader_d02,0.2,5.0,1,gap_lower,1,4.5,gap_lower,1,0.9535000000000021,,,,,47,0.0,development
1.2,even_idm_leader_d02,0.2,5.0,1,gap_lower,1,4.5,gap_lower,1,0.9535000000000021,,,,,61,0.0,development
1.2,even_idm_leader_d02,0.2,5.0,1,gap_lower,1,4.5,gap_lower,1,0.9535000000000021,,,,,79,0.0,development
1.2,even_idm_leader_d02,0.2,5.0,1,gap_lower,1,4.5,gap_lower,1,0.9535000000000021,,,,,97,0.0,development
1.2,even_idm_leader_d02,0.2,5.0,1,gap_lower,1,4.5,gap_lower,1,0.9535000000000021,,,,,113,0.0,development
1.2,even_idm_leader_d02,0.2,5.0,1,gap_lower,1,4.5,gap_lower,1,0.9535000000000021,,,,,131,0.0,development
1.2,even_idm_leader_d02,0.2,5.0,1,gap_lower,1,4.5,gap_lower,1,0.9535000000000021,,,,,149,0.0,development
1.2,even_idm_leader_d02,0.2,5.0,1,gap_lower,1,4.5,gap_lower,1,0.9535000000000021,,,,,167,0.0,development
1.2,even_idm_leader_d02,0.2,5.0,1,gap_lower,1,4.5,gap_lower,1,0.9535000000000021,,,,,191,0.0,development
1.2,even_ovm_leader_d02,0.2,5.0,1,gap_lower,1,1.0,gap_lower,1,0.9535000000000021,3.7750000000000004,3.9791666666666248,4.083333333333334,4.08347638779108,97,0.0,test
1.2,even_ovm_leader_d02,0.2,5.0,1,gap_lower,1,1.0,gap_lower,1,0.9535000000000021,3.7750000000000004,3.9791666666666248,4.083333333333334,4.08347638779108,113,0.0,test
1.2,even_ovm_leader_d02,0.2,5.0,1,gap_lower,1,0.25,gap_lower,1,0.9535000000000021,3.7750000000000004,3.9791666666666248,4.083333333333334,4.08347638779108,131,0.0,test
1.2,even_ovm_leader_d02,0.2,5.0,1,gap_lower,1,1.7,gap_lower,1,0.9535000000000021,3.7750000000000004,3.9791666666666248,4.083333333333334,4.08347638779108,149,0.0,test
1.2,even_ovm_leader_d02,0.2,5.0,1,gap_lower,1,1.0,gap_lower,1,0.9535000000000021,3.7750000000000004,3.9791666666666248,4.083333333333334,4.08347638779108,167,0.0,test
1.2,even_ovm_leader_d02,0.2,5.0,1,gap_lower,1,1.0,gap_lower,1,0.9535000000000021,3.7750000000000004,3.9791666666666248,4.083333333333334,4.08347638779108,191,0.0,test
1.2,front_idm_leader_d02,0.2,5.0,1,gap_lower,1,2.5,gap_lower,1,0.9535000000000021,,,,,3,0.0,development
1.2,front_idm_leader_d02,0.2,5.0,1,gap_lower,1,2.5,gap_lower,1,0.9535000000000021,,,,,11,0.0,development
1.2,front_idm_leader_d02,0.2,5.0,1,gap_lower,1,2.5,gap_lower,1,0.9535000000000021,,,,,29,0.0,development
1.2,front_idm_leader_d02,0.2,5.0,1,gap_lower,1,2.5,gap_lower,1,0.9535000000000021,,,,,47,0.0,development
1.2,front_idm_leader_d02,0.2,5.0,1,gap_lower,1,2.5,gap_lower,1,0.9535000000000021,,,,,61,0.0,development
1.2,front_idm_leader_d02,0.2,5.0,1,gap_lower,1,2.5,gap_lower,1,0.9535000000000021,,,,,79,0.0,development
1.2,front_idm_leader_d02,0.2,5.0,1,gap_lower,1,4.5,gap_lower,1,0.9535000000000021,,,,,97,0.0,development
1.2,front_idm_leader_d02,0.2,5.0,1,gap_lower,1,4.5,gap_lower,1,0.9535000000000021,,,,,113,0.0,development
1.2,front_idm_leader_d02,0.2,5.0,1,gap_lower,1,4.5,gap_lower,1,0.9535000000000021,,,,,131,0.0,development
1.2,front_idm_leader_d02,0.2,5.0,1,gap_lower,1,4.5,gap_lower,1,0.9535000000000021,,,,,149,0.0,development
1.2,front_idm_leader_d02,0.2,5.0,1,gap_lower,1,4.5,gap_lower,1,0.9535000000000021,,,,,167,0.0,development
1.2,front_idm_leader_d02,0.2,5.0,1,gap_lower,1,4.5,gap_lower,1,0.9535000000000021,,,,,191,0.0,development
1.2,middle_idm_leader_d02,0.2,3.218755458338491,19,acceleration_upper,1,1.5,acceleration_upper,1,0.922330228799348,3.7750000000000004,5.0,0.0,2.6298352224288375,3,0.6839460072066382,test
1.2,middle_idm_leader_d02,0.2,3.4739512540612516,19,acceleration_upper,1,1.0,acceleration_upper,1,0.9280358353595963,3.7750000000000004,5.0,0.0,2.649089410232752,11,0.6748868080147853,test
1.2,middle_idm_leader_d02,0.2,3.249089101485832,19,acceleration_upper,1,1.5,acceleration_upper,1,0.9230553573043985,3.7750000000000004,5.0,0.0,2.6000061604632565,29,0.6979807417176099,test
1.2,middle_idm_leader_d02,0.2,3.177397913998044,19,acceleration_upper,1,1.5,acceleration_upper,1,0.9213192660262588,3.7750000000000004,5.0,0.0,2.648138097692228,47,0.6753344056951486,test
1.2,middle_idm_leader_d02,0.2,3.2513631202411366,19,acceleration_upper,1,1.0,acceleration_upper,1,0.923109172751686,3.7750000000000004,5.0,0.0,2.560226704634373,61,0.716697190199748,test
1.2,middle_idm_leader_d02,0.2,2.880008673938446,19,acceleration_upper,1,1.0,acceleration_upper,1,0.9131947058832561,3.7750000000000004,5.0,0.0,2.5053079770299274,79,0.742536747692308,test
1.2,middle_idm_leader_d02,0.2,2.7432904812288217,19,acceleration_upper,1,1.5,acceleration_upper,1,0.9088685643351863,3.7750000000000004,5.0,0.0,2.5051863825261727,97,0.742593958562035,test
1.2,middle_idm_leader_d02,0.2,3.704421427557186,19,acceleration_upper,1,1.0,acceleration_upper,1,0.9325130779829068,3.7750000000000004,5.0,0.0,2.6977416016565647,113,0.6519956895881288,test
1.2,middle_idm_leader_d02,0.2,3.2021763911554877,19,acceleration_upper,1,1.5,acceleration_upper,1,0.9219280984362672,3.7750000000000004,5.0,0.0,2.6338167533203456,131,0.6820726754513847,test
1.2,middle_idm_leader_d02,0.2,2.8109809538207053,19,acceleration_upper,1,1.0,acceleration_upper,1,0.9110630758062596,3.7750000000000004,5.0,0.0,2.5109284318182254,149,0.7398922934055557,test
1.2,middle_idm_leader_d02,0.2,3.0656029478253806,19,acceleration_upper,1,1.0,acceleration_upper,1,0.9184499740328927,3.7750000000000004,5.0,0.0,2.5326320057788454,167,0.7296806448184157,test
1.2,middle_idm_leader_d02,0.2,2.984900697602641,19,acceleration_upper,1,1.5,acceleration_upper,1,0.9162451199127694,3.7750000000000004,5.0,0.0,2.516804611895643,191,0.7371275189912486,test
1.2,rear_idm_leader_d02,0.2,3.218755458338491,37,acceleration_upper,1,1.0,acceleration_upper,1,0.922330228799348,3.7750000000000004,5.0,0.0,2.6298352224288375,3,0.6839460072066382,test
1.2,rear_idm_leader_d02,0.2,3.4739512540612516,37,acceleration_upper,1,1.0,acceleration_upper,1,0.9280358353595963,3.7750000000000004,5.0,0.0,2.649089410232752,11,0.6748868080147853,test
1.2,rear_idm_leader_d02,0.2,3.249089101485832,37,acceleration_upper,1,1.0,acceleration_upper,1,0.9230553573043985,3.7750000000000004,5.0,0.0,2.6000061604632565,29,0.6979807417176099,test
1.2,rear_idm_leader_d02,0.2,3.177397913998044,37,acceleration_upper,1,1.0,acceleration_upper,1,0.9213192660262588,3.7750000000000004,5.0,0.0,2.648138097692228,47,0.6753344056951486,test
1.2,rear_idm_leader_d02,0.2,3.2513631202411366,37,acceleration_upper,1,1.0,acceleration_upper,1,0.923109172751686,3.7750000000000004,5.0,0.0,2.560226704634373,61,0.716697190199748,test
1.2,rear_idm_leader_d02,0.2,2.880008673938446,37,acceleration_upper,1,1.0,acceleration_upper,1,0.9131947058832561,3.7750000000000004,5.0,0.0,2.5053079770299274,79,0.742536747692308,test
1.2,rear_idm_leader_d02,0.2,2.7432904812288217,37,acceleration_upper,1,1.0,acceleration_upper,1,0.9088685643351863,3.7750000000000004,5.0,0.0,2.5051863825261727,97,0.742593958562035,test
1.2,rear_idm_leader_d02,0.2,3.704421427557186,37,acceleration_upper,1,1.0,acceleration_upper,1,0.9325130779829068,3.7750000000000004,5.0,0.0,2.6977416016565647,113,0.6519956895881288,test
1.2,rear_idm_leader_d02,0.2,3.2021763911554877,37,acceleration_upper,1,1.0,acceleration_upper,1,0.9219280984362672,3.7750000000000004,5.0,0.0,2.6338167533203456,131,0.6820726754513847,test
1.2,rear_idm_leader_d02,0.2,2.8109809538207053,37,acceleration_upper,1,1.0,acceleration_upper,1,0.9110630758062596,3.7750000000000004,5.0,0.0,2.5109284318182254,149,0.7398922934055557,test
1.2,rear_idm_leader_d02,0.2,3.0656029478253806,37,acceleration_upper,1,1.0,acceleration_upper,1,0.9184499740328927,3.7750000000000004,5.0,0.0,2.5326320057788454,167,0.7296806448184157,test
1.2,rear_idm_leader_d02,0.2,2.984900697602641,37,acceleration_upper,1,1.5,acceleration_upper,1,0.9162451199127694,3.7750000000000004,5.0,0.0,2.516804611895643,191,0.7371275189912486,test
